Date,ZT_Open,ZT_High,ZT_Low,ZT_Close,ZT_Volume,DGS2
2014-12-01,109.96875,110.0390625,109.953125,109.9609375,58126.0,0.49
2014-12-02,109.9609375,109.9609375,109.8828125,109.8984375,57642.0,0.55
2014-12-03,109.8828125,109.90625,109.84375,109.8515625,27748.0,0.57
2014-12-04,109.8671875,109.890625,109.8515625,109.8828125,9172.0,0.55
2014-12-05,109.890625,109.890625,109.6875,109.6875,14686.0,0.65
2014-12-08,109.6953125,109.7109375,109.640625,109.703125,4199.0,0.64
2014-12-09,109.7265625,109.78125,109.703125,109.71875,9536.0,0.64
2014-12-10,109.7265625,109.8203125,109.7265625,109.8125,5802.0,0.59
2014-12-11,109.8125,109.8125,109.7421875,109.75,4596.0,0.62
2014-12-12,109.8125,109.890625,109.8125,109.8671875,4886.0,0.56
2014-12-15,109.84375,109.84375,109.78125,109.7890625,8754.0,0.6
2014-12-16,109.984375,109.984375,109.84375,109.84375,1041.0,0.58
2014-12-17,109.8125,109.8359375,109.7421875,109.75,1950.0,0.62
2014-12-18,109.796875,109.8125,109.6953125,109.71875,391.0,0.67
2014-12-19,109.7578125,109.7734375,109.6796875,109.6875,3123.0,0.67
2014-12-22,109.6953125,109.703125,109.6640625,109.6640625,4111.0,0.71
2014-12-23,109.6640625,109.6640625,109.6015625,109.6015625,277.0,0.73
2014-12-24,109.59375,109.59375,109.546875,109.5859375,59.0,0.73
2014-12-25,,,,,,
2014-12-26,109.5859375,109.5859375,109.5859375,109.5859375,12.0,0.73
2014-12-29,109.578125,109.65625,109.5546875,109.6328125,264.0,0.72
2014-12-30,109.671875,109.703125,109.6640625,109.6640625,44.0,0.69
2014-12-31,109.703125,109.703125,109.578125,109.671875,88285.0,0.67
2015-01-01,,,,,,
2015-01-02,109.2734375,109.34375,109.2265625,109.3203125,155339.0,0.66
2015-01-05,109.328125,109.34375,109.2734375,109.3359375,166831.0,0.68
2015-01-06,109.3359375,109.515625,109.3359375,109.40625,311168.0,0.65
2015-01-07,109.40625,109.46875,109.375,109.453125,312841.0,0.62
2015-01-08,109.4453125,109.484375,109.3984375,109.46875,192039.0,0.62
2015-01-09,109.4765625,109.6015625,109.421875,109.5390625,314386.0,0.59
2015-01-12,109.5625,109.609375,109.5390625,109.59375,189115.0,0.56
2015-01-13,109.6015625,109.6640625,109.578125,109.6484375,249941.0,0.54
2015-01-14,109.6328125,109.8203125,109.6328125,109.7421875,294941.0,0.51
2015-01-15,109.71875,109.921875,109.6484375,109.8359375,364615.0,0.44
2015-01-16,109.8828125,109.921875,109.734375,109.765625,317756.0,0.49
2015-01-19,,,,,,
2015-01-20,109.7734375,109.828125,109.71875,109.75,183242.0,0.53
2015-01-21,109.7421875,109.7890625,109.6953125,109.7265625,236378.0,0.53
2015-01-22,109.7109375,109.78125,109.671875,109.6796875,291195.0,0.53
2015-01-23,109.6953125,109.8046875,109.6796875,109.7421875,217371.0,0.52
2015-01-26,109.78125,109.7890625,109.6796875,109.6875,198596.0,0.54
2015-01-27,109.703125,109.78125,109.6953125,109.71875,242451.0,0.54
2015-01-28,109.71875,109.828125,109.6953125,109.796875,277411.0,0.5
2015-01-29,109.8125,109.8203125,109.7421875,109.7734375,253869.0,0.51
2015-01-30,109.78125,109.921875,109.765625,109.8828125,289082.0,0.47
2015-02-02,109.90625,109.921875,109.859375,109.890625,219693.0,0.49
2015-02-03,109.8984375,109.9140625,109.796875,109.8203125,253373.0,0.52
2015-02-04,109.796875,109.875,109.7421875,109.796875,243106.0,0.52
2015-02-05,109.8671875,109.8828125,109.7578125,109.78125,246327.0,0.52
2015-02-06,109.78125,109.8203125,109.5,109.5234375,577314.0,0.65
2015-02-09,109.515625,109.6015625,109.5,109.53125,287940.0,0.65
2015-02-10,109.515625,109.53125,109.46875,109.5078125,276131.0,0.67
2015-02-11,109.515625,109.546875,109.46875,109.515625,180622.0,0.67
2015-02-12,109.4921875,109.578125,109.4609375,109.5625,256699.0,0.61
2015-02-13,109.578125,109.59375,109.5390625,109.5546875,192738.0,0.66
2015-02-16,,,,,,
2015-02-17,109.546875,109.59375,109.4453125,109.4921875,371185.0,0.7
2015-02-18,109.5078125,109.671875,109.4609375,109.640625,402792.0,0.62
2015-02-19,109.640625,109.6875,109.5859375,109.59375,289135.0,0.67
2015-02-20,109.59375,109.6796875,109.5390625,109.546875,415791.0,0.67
2015-02-23,109.5703125,109.640625,109.546875,109.6328125,962971.0,0.64
2015-02-24,109.640625,109.765625,109.5625,109.7421875,1183779.0,0.6
2015-02-25,109.7421875,109.765625,109.6953125,109.7265625,826667.0,0.61
2015-02-26,109.7265625,109.7734375,109.640625,109.65625,508696.0,0.66
2015-02-27,109.65625,109.7109375,109.625,109.703125,155033.0,0.63
2015-03-02,109.7109375,109.7109375,109.6171875,109.625,28976.0,0.66
2015-03-03,109.6328125,109.640625,109.5859375,109.5859375,18889.0,0.68
2015-03-04,109.59375,109.640625,109.5859375,109.6171875,7788.0,0.66
2015-03-05,109.625,109.6640625,109.609375,109.6640625,12160.0,0.65
2015-03-06,109.6484375,109.8125,109.4765625,109.4921875,15617.0,0.73
2015-03-09,109.53125,109.578125,109.5234375,109.5703125,21968.0,0.7
2015-03-10,109.5625,109.6328125,109.5546875,109.609375,17229.0,0.7
2015-03-11,109.6171875,109.625,109.5625,109.6015625,8037.0,0.7
2015-03-12,109.6640625,109.6640625,109.65625,109.6640625,1822.0,0.67
2015-03-13,109.65625,109.6875,109.6015625,109.6796875,1819.0,0.68
2015-03-16,109.6875,109.703125,109.65625,109.65625,5205.0,0.66
2015-03-17,109.6875,109.6953125,109.6328125,109.6328125,4953.0,0.7
2015-03-18,109.6015625,109.84375,109.6015625,109.84375,1966.0,0.57
2015-03-19,109.8125,109.8125,109.7265625,109.734375,366.0,0.63
2015-03-20,109.8203125,109.8203125,109.78125,109.78125,326.0,0.6
2015-03-23,109.8125,109.8203125,109.78125,109.796875,1102.0,0.6
2015-03-24,109.828125,109.8515625,109.8125,109.8359375,315.0,0.58
2015-03-25,109.8671875,109.8671875,109.8203125,109.84375,2198.0,0.59
2015-03-26,109.8125,109.8359375,109.78125,109.796875,1301.0,0.61
2015-03-27,109.859375,109.8671875,109.8359375,109.8671875,1782.0,0.58
2015-03-30,109.84375,109.9296875,109.84375,109.84375,761.0,0.58
2015-03-31,109.9140625,109.9140625,109.9140625,109.9140625,226462.0,0.56
2015-04-01,109.5703125,109.640625,109.53125,109.6171875,246869.0,0.55
2015-04-02,109.6015625,109.6640625,109.59375,109.609375,194553.0,0.55
2015-04-03,,,,,,0.49
2015-04-06,109.7421875,109.75,109.6875,109.6953125,125541.0,0.51
2015-04-07,109.703125,109.7109375,109.640625,109.65625,168520.0,0.52
2015-04-08,109.65625,109.671875,109.6015625,109.6484375,211003.0,0.54
2015-04-09,109.6484375,109.6640625,109.59375,109.609375,184988.0,0.56
2015-04-10,109.609375,109.625,109.5625,109.578125,200603.0,0.57
2015-04-13,109.59375,109.6484375,109.546875,109.625,148365.0,0.54
2015-04-14,109.6484375,109.71875,109.6015625,109.671875,190754.0,0.53
2015-04-15,109.6875,109.7265625,109.671875,109.7109375,120930.0,0.51
2015-04-16,109.7109375,109.7734375,109.6875,109.7578125,221528.0,0.5
2015-04-17,109.7421875,109.8046875,109.6875,109.71875,208849.0,0.51
2015-04-20,109.703125,109.7265625,109.65625,109.6640625,160090.0,0.55
2015-04-21,109.671875,109.6875,109.6328125,109.671875,150350.0,0.55
2015-04-22,109.6875,109.6953125,109.609375,109.6328125,250269.0,0.57
2015-04-23,109.625,109.6796875,109.6171875,109.6640625,228120.0,0.55
2015-04-24,109.6640625,109.734375,109.640625,109.7265625,187860.0,0.54
2015-04-27,109.734375,109.734375,109.6796875,109.7109375,206072.0,0.54
2015-04-28,109.7265625,109.734375,109.6640625,109.6875,170051.0,0.56
2015-04-29,109.6640625,109.7109375,109.5859375,109.671875,293999.0,0.56
2015-04-30,109.6875,109.6875,109.5546875,109.6328125,356032.0,0.58
2015-05-01,109.6484375,109.6484375,109.5703125,109.5859375,164962.0,0.6
2015-05-04,109.6015625,109.625,109.5546875,109.6015625,188986.0,0.6
2015-05-05,109.6015625,109.640625,109.5234375,109.546875,269046.0,0.62
2015-05-06,109.5390625,109.5703125,109.4921875,109.515625,333037.0,0.65
2015-05-07,109.5078125,109.5625,109.4609375,109.53125,387945.0,0.63
2015-05-08,109.5234375,109.6875,109.5,109.65625,419686.0,0.59
2015-05-11,109.65625,109.6796875,109.5703125,109.5859375,283279.0,0.62
2015-05-12,109.578125,109.640625,109.515625,109.6171875,412661.0,0.61
2015-05-13,109.6171875,109.71875,109.6171875,109.6875,404298.0,0.59
2015-05-14,109.6796875,109.765625,109.671875,109.7578125,382872.0,0.56
2015-05-15,109.75,109.7890625,109.7265625,109.765625,320364.0,0.55
2015-05-18,109.765625,109.7890625,109.6796875,109.703125,205085.0,0.58
2015-05-19,109.6953125,109.7421875,109.609375,109.6328125,301399.0,0.63
2015-05-20,109.6171875,109.6796875,109.6171875,109.671875,319034.0,0.6
2015-05-21,109.671875,109.703125,109.6484375,109.6875,292598.0,0.6
2015-05-22,109.7109375,109.71875,109.5859375,109.6015625,501424.0,0.64
2015-05-25,,,,,,
2015-05-26,109.609375,109.6484375,109.5625,109.6328125,967390.0,0.64
2015-05-27,109.640625,109.6484375,109.59375,109.6328125,1058821.0,0.64
2015-05-28,109.6328125,109.703125,109.625,109.6875,525954.0,0.62
2015-05-29,109.671875,109.734375,109.6640625,109.734375,112685.0,0.61
2015-06-01,109.7265625,109.7421875,109.6328125,109.6484375,50297.0,0.64
2015-06-02,109.640625,109.6484375,109.6015625,109.625,40861.0,0.64
2015-06-03,109.640625,109.640625,109.546875,109.5703125,115717.0,0.69
2015-06-04,109.6015625,109.625,109.5546875,109.6015625,14679.0,0.66
2015-06-05,109.59375,109.59375,109.4453125,109.515625,16470.0,0.73
2015-06-08,109.515625,109.6015625,109.5078125,109.6015625,3340.0,0.7
2015-06-09,109.5703125,109.5703125,109.515625,109.5390625,1897.0,0.72
2015-06-10,109.5,109.5078125,109.5,109.5078125,756.0,0.75
2015-06-11,109.5078125,109.53125,109.4765625,109.5234375,2181.0,0.73
2015-06-12,109.53125,109.5390625,109.5078125,109.5234375,2155.0,0.74
2015-06-15,109.59375,109.609375,109.5625,109.5859375,4782.0,0.72
2015-06-16,109.5859375,109.6171875,109.5859375,109.609375,356.0,0.71
2015-06-17,109.6953125,109.6953125,109.671875,109.6953125,306.0,0.67
2015-06-18,109.6953125,109.71875,109.6953125,109.703125,904.0,0.66
2015-06-19,109.6953125,109.7578125,109.6953125,109.7578125,2693.0,0.65
2015-06-22,109.671875,109.671875,109.671875,109.671875,3873.0,0.68
2015-06-23,109.6484375,109.6484375,109.6484375,109.6484375,1053.0,0.7
2015-06-24,109.6796875,109.6953125,109.65625,109.6953125,772.0,0.68
2015-06-25,109.6640625,109.6875,109.6484375,109.6875,143.0,0.68
2015-06-26,109.6328125,109.6640625,109.6015625,109.6328125,713.0,0.72
2015-06-29,109.859375,109.9453125,109.7421875,109.7578125,218.0,0.64
2015-06-30,109.7578125,109.7578125,109.7578125,109.7578125,348511.0,0.64
2015-07-01,109.453125,109.46875,109.328125,109.3359375,280356.0,0.69
2015-07-02,109.3359375,109.484375,109.2890625,109.4609375,250306.0,0.64
2015-07-03,,,,,,
2015-07-06,109.65625,109.6640625,109.4921875,109.5703125,249205.0,0.6
2015-07-07,109.5625,109.6640625,109.5390625,109.6171875,271637.0,0.58
2015-07-08,109.59375,109.703125,109.5859375,109.6953125,260890.0,0.55
2015-07-09,109.6953125,109.703125,109.59375,109.6015625,242882.0,0.6
2015-07-10,109.59375,109.6015625,109.4375,109.4453125,283984.0,0.65
2015-07-13,109.4921875,109.53125,109.3828125,109.4296875,238179.0,0.69
2015-07-14,109.40625,109.5078125,109.3984375,109.5,181684.0,0.66
2015-07-15,109.5,109.546875,109.4140625,109.5390625,202454.0,0.64
2015-07-16,109.53125,109.53125,109.4296875,109.453125,189552.0,0.67
2015-07-17,109.453125,109.46875,109.3984375,109.4375,201466.0,0.68
2015-07-20,109.4296875,109.4375,109.3515625,109.3671875,136007.0,0.71
2015-07-21,109.359375,109.4375,109.34375,109.4140625,212314.0,0.71
2015-07-22,109.421875,109.4375,109.3515625,109.3671875,190311.0,0.75
2015-07-23,109.359375,109.4140625,109.3359375,109.40625,208338.0,0.71
2015-07-24,109.3984375,109.484375,109.390625,109.4375,167426.0,0.7
2015-07-27,109.4453125,109.53125,109.4375,109.515625,170315.0,0.68
2015-07-28,109.5078125,109.5234375,109.4609375,109.5,175236.0,0.69
2015-07-29,109.4921875,109.5078125,109.4296875,109.4609375,230472.0,0.7
2015-07-30,109.4609375,109.4609375,109.3515625,109.40625,295089.0,0.72
2015-07-31,109.4140625,109.5703125,109.359375,109.53125,339033.0,0.67
2015-08-03,109.5546875,109.5859375,109.4921875,109.5546875,191463.0,0.68
2015-08-04,109.546875,109.5546875,109.390625,109.4140625,247720.0,0.74
2015-08-05,109.390625,109.4453125,109.328125,109.390625,337456.0,0.73
2015-08-06,109.3828125,109.453125,109.3828125,109.4296875,188959.0,0.71
2015-08-07,109.421875,109.4921875,109.34375,109.3828125,299202.0,0.73
2015-08-10,109.3984375,109.40625,109.3515625,109.390625,214603.0,0.73
2015-08-11,109.3984375,109.546875,109.390625,109.515625,291349.0,0.68
2015-08-12,109.515625,109.640625,109.5078125,109.5703125,311932.0,0.67
2015-08-13,109.5390625,109.5859375,109.4453125,109.453125,315319.0,0.72
2015-08-14,109.4453125,109.4765625,109.3984375,109.421875,191277.0,0.73
2015-08-17,109.4296875,109.4921875,109.4140625,109.4609375,158312.0,0.72
2015-08-18,109.4609375,109.4921875,109.4140625,109.4453125,183558.0,0.74
2015-08-19,109.4375,109.578125,109.390625,109.5625,373921.0,0.67
2015-08-20,109.546875,109.5703125,109.5078125,109.515625,221661.0,0.69
2015-08-21,109.546875,109.640625,109.5390625,109.609375,298323.0,0.64
2015-08-24,109.625,109.796875,109.6171875,109.75,993661.0,0.59
2015-08-25,109.734375,109.7421875,109.6015625,109.6015625,810098.0,0.67
2015-08-26,109.671875,109.7109375,109.5625,109.6328125,946439.0,0.67
2015-08-27,109.609375,109.6484375,109.5390625,109.6015625,716176.0,0.68
2015-08-28,109.5859375,109.6328125,109.484375,109.5078125,548794.0,0.72
2015-08-31,109.5234375,109.5390625,109.453125,109.4609375,84359.0,0.74
2015-09-01,109.46875,109.5546875,109.453125,109.515625,50750.0,0.7
2015-09-02,109.546875,109.546875,109.4921875,109.5,33902.0,0.72
2015-09-03,109.5390625,109.5859375,109.5078125,109.5546875,16789.0,0.71
2015-09-04,109.5703125,109.65625,109.4921875,109.5625,16057.0,0.71
2015-09-07,,,,,,
2015-09-08,109.5390625,109.546875,109.5,109.5,11745.0,0.74
2015-09-09,109.5,109.5078125,109.4609375,109.5078125,14914.0,0.75
2015-09-10,109.484375,109.515625,109.484375,109.515625,5600.0,0.75
2015-09-11,109.5234375,109.5546875,109.515625,109.546875,11196.0,0.71
2015-09-14,109.5390625,109.5703125,109.515625,109.515625,7048.0,0.73
2015-09-15,109.5234375,109.5390625,109.375,109.3984375,6492.0,0.82
2015-09-16,109.34375,109.421875,109.328125,109.328125,4791.0,0.82
2015-09-17,109.359375,109.546875,109.359375,109.53125,2941.0,0.7
2015-09-18,109.6171875,109.6171875,109.5625,109.578125,6319.0,0.69
2015-09-21,109.5234375,109.5390625,109.5234375,109.5234375,1549.0,0.72
2015-09-22,109.5859375,109.6171875,109.5859375,109.609375,2160.0,0.69
2015-09-23,109.6171875,109.6171875,109.59375,109.609375,1287.0,0.7
2015-09-24,109.609375,109.640625,109.609375,109.640625,381.0,0.67
2015-09-25,109.5546875,109.6171875,109.546875,109.6171875,75.0,0.7
2015-09-28,109.6640625,109.6640625,109.6640625,109.6640625,742.0,0.67
2015-09-29,109.703125,109.7265625,109.703125,109.7109375,904.0,0.64
2015-09-30,109.71875,109.71875,109.6953125,109.71875,335781.0,0.64
2015-10-01,109.546875,109.5546875,109.4921875,109.5,215841.0,0.64
2015-10-02,109.5,109.7421875,109.46875,109.65625,403005.0,0.58
2015-10-05,109.640625,109.6640625,109.5703125,109.5859375,195417.0,0.61
2015-10-06,109.59375,109.6328125,109.578125,109.609375,185542.0,0.61
2015-10-07,109.609375,109.6171875,109.5390625,109.5625,145815.0,0.65
2015-10-08,109.5703125,109.6171875,109.4921875,109.546875,243976.0,0.65
2015-10-09,109.546875,109.5703125,109.5078125,109.53125,159561.0,0.65
2015-10-12,109.546875,109.5703125,109.515625,109.5546875,21446.0,
2015-10-13,109.5703125,109.6015625,109.546875,109.5859375,144686.0,0.64
2015-10-14,109.6015625,109.734375,109.59375,109.71875,275302.0,0.57
2015-10-15,109.7265625,109.734375,109.609375,109.6328125,208146.0,0.61
2015-10-16,109.6171875,109.6484375,109.5859375,109.6015625,100581.0,0.61
2015-10-19,109.6015625,109.6484375,109.5859375,109.6328125,111759.0,0.61
2015-10-20,109.6484375,109.65625,109.5390625,109.5546875,211006.0,0.66
2015-10-21,109.5546875,109.59375,109.5390625,109.5703125,150128.0,0.64
2015-10-22,109.5625,109.640625,109.5390625,109.625,262130.0,0.61
2015-10-23,109.609375,109.609375,109.53125,109.546875,309091.0,0.66
2015-10-26,109.546875,109.578125,109.5234375,109.546875,156657.0,0.66
2015-10-27,109.5546875,109.609375,109.546875,109.6015625,161472.0,0.65
2015-10-28,109.5859375,109.59375,109.375,109.40625,353016.0,0.73
2015-10-29,109.3984375,109.4296875,109.34375,109.359375,301755.0,0.75
2015-10-30,109.3515625,109.3828125,109.3046875,109.328125,310544.0,0.75
2015-11-02,109.3515625,109.359375,109.2734375,109.28125,241136.0,0.77
2015-11-03,109.2890625,109.296875,109.2265625,109.2421875,270417.0,0.8
2015-11-04,109.25,109.265625,109.1484375,109.1640625,365184.0,0.84
2015-11-05,109.171875,109.203125,109.1171875,109.1640625,347495.0,0.85
2015-11-06,109.1875,109.2109375,108.9296875,109.0546875,465102.0,0.9
2015-11-09,109.0625,109.09375,109.015625,109.078125,302033.0,0.89
2015-11-10,109.0703125,109.1484375,109.0703125,109.125,226420.0,0.87
2015-11-11,109.09375,109.1484375,109.046875,109.0703125,60631.0,
2015-11-12,109.0859375,109.1171875,109.0625,109.0859375,202743.0,0.89
2015-11-13,109.0859375,109.171875,109.0703125,109.1328125,166425.0,0.86
2015-11-16,109.1875,109.234375,109.125,109.15625,180286.0,0.88
2015-11-17,109.1484375,109.15625,109.0703125,109.140625,191840.0,0.86
2015-11-18,109.140625,109.140625,109.0390625,109.1015625,200729.0,0.9
2015-11-19,109.0859375,109.109375,109.0546875,109.0703125,259455.0,0.91
2015-11-20,109.0625,109.078125,109.015625,109.046875,425787.0,0.93
2015-11-23,109.0234375,109.046875,108.9765625,109.03125,546018.0,0.94
2015-11-24,109.0390625,109.1015625,109.03125,109.0546875,701921.0,0.93
2015-11-25,109.0546875,109.0703125,109.0234375,109.0546875,440267.0,0.93
2015-11-26,,,,,,
2015-11-27,109.046875,109.09375,109.046875,109.0625,194012.0,0.92
2015-11-30,109.0546875,109.0703125,109.0078125,109.0390625,41002.0,0.94
2015-12-01,109.0390625,109.1171875,109.0078125,109.0859375,55493.0,0.91
2015-12-02,109.0859375,109.0859375,108.9921875,109.015625,26327.0,0.94
2015-12-03,109.015625,109.0234375,108.90625,108.9921875,22720.0,0.96
2015-12-04,108.984375,109.0625,108.921875,108.9765625,23630.0,0.96
2015-12-07,108.96875,109.0234375,108.953125,109.0,11136.0,0.94
2015-12-08,108.9765625,109.0078125,108.96875,108.984375,4161.0,0.94
2015-12-09,109.0,109.0625,108.984375,109.0390625,6522.0,0.93
2015-12-10,109.03125,109.046875,109.0,109.0078125,2338.0,0.95
2015-12-11,108.9921875,109.15625,108.9921875,109.125,9888.0,0.88
2015-12-14,109.1171875,109.171875,109.0,109.0078125,5923.0,0.97
2015-12-15,109.0234375,109.0234375,108.96875,109.0,5182.0,0.98
2015-12-16,108.9765625,108.9765625,108.90625,108.90625,2070.0,1.02
2015-12-17,108.9453125,108.953125,108.890625,108.890625,2439.0,1.0
2015-12-18,108.90625,108.953125,108.90625,108.953125,3206.0,0.97
2015-12-21,108.9453125,108.96875,108.8828125,108.9453125,2479.0,0.96
2015-12-22,108.9140625,108.9140625,108.8828125,108.8828125,180.0,0.99
2015-12-23,108.875,108.875,108.875,108.875,19.0,1.01
2015-12-24,108.8828125,108.8828125,108.8828125,108.8828125,200.0,1.03
2015-12-25,,,,,,
2015-12-28,108.890625,108.890625,108.8828125,108.8828125,286.0,1.05
2015-12-29,108.859375,108.8671875,108.8125,108.8125,2083.0,1.09
2015-12-30,108.7890625,108.84375,108.7734375,108.84375,1882.0,1.08
2015-12-31,108.859375,108.859375,108.8515625,108.8515625,155174.0,1.06
2016-01-01,,,,,,
2016-01-04,108.6328125,108.7421875,108.6015625,108.6640625,241366.0,1.02
2016-01-05,108.65625,108.703125,108.6328125,108.6640625,219399.0,1.04
2016-01-06,108.6796875,108.7734375,108.671875,108.765625,315343.0,0.99
2016-01-07,108.765625,108.859375,108.734375,108.8203125,306468.0,0.96
2016-01-08,108.8203125,108.875,108.6875,108.8515625,390628.0,0.94
2016-01-11,108.8671875,108.9296875,108.8125,108.8984375,240450.0,0.94
2016-01-12,108.8828125,108.9609375,108.8125,108.921875,247303.0,0.93
2016-01-13,108.9140625,108.9765625,108.8515625,108.953125,271955.0,0.91
2016-01-14,108.9296875,109.0,108.90625,108.984375,318967.0,0.9
2016-01-15,108.984375,109.1953125,108.96875,109.09375,429113.0,0.85
2016-01-18,,,,,,
2016-01-19,109.09375,109.125,109.0078125,109.0703125,231657.0,0.88
2016-01-20,109.0546875,109.21875,109.0546875,109.15625,286800.0,0.85
2016-01-21,109.15625,109.2109375,109.109375,109.1484375,253299.0,0.84
2016-01-22,109.1328125,109.15625,109.0546875,109.09375,231838.0,0.88
2016-01-25,109.09375,109.125,109.0546875,109.1015625,133778.0,0.88
2016-01-26,109.1171875,109.1796875,109.1015625,109.15625,207326.0,0.85
2016-01-27,109.1640625,109.1953125,109.0625,109.1796875,250978.0,0.84
2016-01-28,109.1953125,109.234375,109.1484375,109.2109375,265078.0,0.83
2016-01-29,109.21875,109.3359375,109.1953125,109.3125,361507.0,0.76
2016-02-01,109.3046875,109.3203125,109.21875,109.234375,229504.0,0.81
2016-02-02,109.2578125,109.40625,109.25,109.359375,238287.0,0.75
2016-02-03,109.390625,109.5,109.3125,109.3984375,363451.0,0.72
2016-02-04,109.40625,109.4609375,109.3828125,109.4296875,275820.0,0.7
2016-02-05,109.453125,109.484375,109.3203125,109.3984375,336064.0,0.74
2016-02-08,109.390625,109.5625,109.359375,109.546875,308460.0,0.66
2016-02-09,109.53125,109.609375,109.5078125,109.5234375,455983.0,0.69
2016-02-10,109.5078125,109.546875,109.421875,109.5078125,382190.0,0.71
2016-02-11,109.53125,109.765625,109.5234375,109.6328125,483292.0,0.64
2016-02-12,109.6015625,109.640625,109.4375,109.4921875,334183.0,0.71
2016-02-15,,,,,,
2016-02-16,109.4453125,109.5,109.3984375,109.453125,260759.0,0.74
2016-02-17,109.453125,109.5,109.34375,109.390625,252306.0,0.74
2016-02-18,109.390625,109.484375,109.359375,109.4375,293276.0,0.71
2016-02-19,109.4765625,109.5078125,109.34375,109.3671875,369105.0,0.76
2016-02-22,109.3671875,109.3671875,109.28125,109.3359375,348315.0,0.78
2016-02-23,109.34375,109.3984375,109.2890625,109.359375,678075.0,0.76
2016-02-24,109.3828125,109.5,109.3671875,109.390625,735520.0,0.75
2016-02-25,109.375,109.46875,109.359375,109.4453125,649841.0,0.72
2016-02-26,109.421875,109.4296875,109.25,109.2734375,342261.0,0.8
2016-02-29,109.28125,109.3125,109.234375,109.2890625,65258.0,0.78
2016-03-01,109.3125,109.34375,109.15625,109.1640625,53014.0,0.85
2016-03-02,109.2109375,109.2109375,109.1171875,109.15625,27214.0,0.85
2016-03-03,109.171875,109.1875,109.1328125,109.171875,20667.0,0.85
2016-03-04,109.171875,109.203125,109.1015625,109.109375,17649.0,0.88
2016-03-07,109.1171875,109.1171875,109.0546875,109.0625,14410.0,0.91
2016-03-08,109.0546875,109.1484375,109.0546875,109.125,5572.0,0.88
2016-03-09,109.1171875,109.125,109.078125,109.09375,3867.0,0.9
2016-03-10,109.1171875,109.1171875,109.015625,109.03125,5281.0,0.93
2016-03-11,109.0078125,109.03125,108.96875,108.9765625,1454.0,0.97
2016-03-14,108.9765625,108.9921875,108.96875,108.96875,1329.0,0.97
2016-03-15,109.0078125,109.0078125,108.9609375,108.9609375,3645.0,0.98
2016-03-16,108.953125,109.1875,108.8984375,109.1484375,4744.0,0.87
2016-03-17,109.2578125,109.2578125,109.1328125,109.1640625,1087.0,0.87
2016-03-18,109.1953125,109.25,109.1796875,109.21875,3409.0,0.84
2016-03-21,109.2109375,109.2109375,109.15625,109.15625,1029.0,0.87
2016-03-22,109.1796875,109.1953125,109.125,109.125,60.0,0.91
2016-03-23,109.171875,109.1953125,109.171875,109.1953125,150.0,0.87
2016-03-24,109.1875,109.203125,109.171875,109.1796875,919.0,0.89
2016-03-25,,,,,,
2016-03-28,109.1796875,109.1875,109.1796875,109.1875,1238.0,0.89
2016-03-29,109.2109375,109.375,109.1875,109.359375,1412.0,0.78
2016-03-30,109.359375,109.4140625,109.34375,109.4140625,228.0,0.76
2016-03-31,109.4375,109.4375,109.3671875,109.4140625,291249.0,0.73
2016-04-01,109.3984375,109.40625,109.28125,109.3125,291393.0,0.76
2016-04-04,109.359375,109.375,109.296875,109.34375,190238.0,0.75
2016-04-05,109.3515625,109.4140625,109.34375,109.390625,182449.0,0.72
2016-04-06,109.390625,109.390625,109.3046875,109.3515625,183184.0,0.73
2016-04-07,109.3515625,109.4453125,109.34375,109.4296875,212717.0,0.7
2016-04-08,109.4375,109.4375,109.3671875,109.40625,141420.0,0.7
2016-04-11,109.4140625,109.4296875,109.3671875,109.40625,136590.0,0.7
2016-04-12,109.3984375,109.4140625,109.328125,109.3359375,170114.0,0.74
2016-04-13,109.328125,109.3671875,109.2890625,109.3203125,223265.0,0.75
2016-04-14,109.3203125,109.3359375,109.2578125,109.3125,240327.0,0.77
2016-04-15,109.296875,109.375,109.2890625,109.359375,166977.0,0.74
2016-04-18,109.375,109.40625,109.3125,109.3359375,159956.0,0.75
2016-04-19,109.3359375,109.34375,109.28125,109.3125,171507.0,0.77
2016-04-20,109.3125,109.34375,109.203125,109.2109375,231925.0,0.8
2016-04-21,109.21875,109.2421875,109.1796875,109.1953125,263486.0,0.82
2016-04-22,109.2109375,109.234375,109.171875,109.203125,172918.0,0.84
2016-04-25,109.203125,109.234375,109.1640625,109.1796875,180207.0,0.85
2016-04-26,109.1640625,109.1953125,109.1171875,109.1328125,253480.0,0.86
2016-04-27,109.1328125,109.21875,109.09375,109.1796875,277638.0,0.83
2016-04-28,109.2109375,109.3046875,109.203125,109.28125,294036.0,0.78
2016-04-29,109.28125,109.328125,109.2421875,109.3125,265485.0,0.77
2016-05-02,109.2890625,109.328125,109.2421875,109.2734375,172583.0,0.8
2016-05-03,109.265625,109.3828125,109.265625,109.34375,249332.0,0.75
2016-05-04,109.3515625,109.3828125,109.3125,109.3671875,239954.0,0.75
2016-05-05,109.3828125,109.4296875,109.3359375,109.4140625,187153.0,0.72
2016-05-06,109.4140625,109.5078125,109.3671875,109.3828125,291502.0,0.74
2016-05-09,109.3828125,109.453125,109.375,109.4375,158204.0,0.72
2016-05-10,109.4453125,109.4453125,109.390625,109.4140625,201289.0,0.72
2016-05-11,109.40625,109.4296875,109.375,109.3984375,181361.0,0.74
2016-05-12,109.390625,109.3984375,109.3125,109.328125,237114.0,0.76
2016-05-13,109.328125,109.3671875,109.2734375,109.34375,247715.0,0.76
2016-05-16,109.359375,109.375,109.2578125,109.265625,198989.0,0.79
2016-05-17,109.265625,109.28125,109.1640625,109.1953125,358425.0,0.82
2016-05-18,109.1640625,109.171875,109.0078125,109.0234375,439244.0,0.9
2016-05-19,109.046875,109.1015625,109.0,109.078125,415649.0,0.89
2016-05-20,109.0703125,109.09375,109.0390625,109.0625,222140.0,0.89
2016-05-23,109.078125,109.1015625,109.0234375,109.046875,442676.0,0.91
2016-05-24,109.046875,109.0625,108.984375,109.0234375,622514.0,0.92
2016-05-25,109.0234375,109.046875,109.0,109.0390625,553818.0,0.92
2016-05-26,109.03125,109.1328125,109.0234375,109.1328125,560320.0,0.87
2016-05-27,109.125,109.125,108.984375,109.1015625,308056.0,0.9
2016-05-30,,,,,,
2016-05-31,108.9921875,109.125,108.9609375,109.125,125281.0,0.87
2016-06-01,109.109375,109.140625,109.0546875,109.0703125,21789.0,0.91
2016-06-02,109.078125,109.109375,109.0625,109.09375,22089.0,0.89
2016-06-03,109.078125,109.34375,109.078125,109.3203125,23408.0,0.78
2016-06-06,109.3125,109.3203125,109.234375,109.28125,23865.0,0.8
2016-06-07,109.2890625,109.328125,109.265625,109.3125,3185.0,0.78
2016-06-08,109.3125,109.328125,109.296875,109.3125,2003.0,0.78
2016-06-09,109.359375,109.359375,109.3125,109.3515625,8155.0,0.77
2016-06-10,109.34375,109.4296875,109.34375,109.421875,2552.0,0.73
2016-06-13,109.453125,109.46875,109.4296875,109.453125,3070.0,0.73
2016-06-14,109.4765625,109.484375,109.4140625,109.4375,3436.0,0.74
2016-06-15,109.390625,109.5390625,109.3828125,109.5078125,3086.0,0.69
2016-06-16,109.5625,109.578125,109.5,109.5,2923.0,0.7
2016-06-17,109.453125,109.4921875,109.4453125,109.484375,409.0,0.7
2016-06-20,109.421875,109.4375,109.3828125,109.4140625,1171.0,0.74
2016-06-21,109.421875,109.4375,109.390625,109.3984375,5450.0,0.76
2016-06-22,109.390625,109.421875,109.390625,109.421875,139.0,0.75
2016-06-23,109.3359375,109.3359375,109.3359375,109.3359375,181.0,0.78
2016-06-24,109.7109375,109.75,109.6015625,109.6015625,597.0,0.64
2016-06-27,109.7578125,109.8125,109.6875,109.6875,797.0,0.61
2016-06-28,109.6875,109.6875,109.671875,109.671875,3874.0,0.61
2016-06-29,109.6640625,109.671875,109.625,109.640625,533.0,0.62
2016-06-30,109.5390625,109.6171875,109.5390625,109.6171875,445162.0,0.58
2016-07-01,109.671875,109.75,109.625,109.6328125,360209.0,0.59
2016-07-04,,,,,,
2016-07-05,109.65625,109.734375,109.6171875,109.7109375,196487.0,0.56
2016-07-06,109.7265625,109.765625,109.6328125,109.6484375,317346.0,0.58
2016-07-07,109.6640625,109.6796875,109.578125,109.6328125,277118.0,0.58
2016-07-08,109.6328125,109.65625,109.4921875,109.59375,273811.0,0.61
2016-07-11,109.609375,109.609375,109.4921875,109.5078125,198117.0,0.66
2016-07-12,109.5078125,109.5234375,109.40625,109.4375,295974.0,0.69
2016-07-13,109.421875,109.5,109.4140625,109.46875,248512.0,0.68
2016-07-14,109.4609375,109.484375,109.3671875,109.421875,241656.0,0.68
2016-07-15,109.4140625,109.4453125,109.3203125,109.34375,324800.0,0.71
2016-07-18,109.375,109.3984375,109.328125,109.3671875,152325.0,0.68
2016-07-19,109.359375,109.421875,109.34375,109.375,180200.0,0.7
2016-07-20,109.3828125,109.3828125,109.3046875,109.328125,194911.0,0.73
2016-07-21,109.328125,109.40625,109.296875,109.390625,229863.0,0.7
2016-07-22,109.390625,109.4296875,109.3203125,109.3515625,161287.0,0.71
2016-07-25,109.3359375,109.34375,109.2734375,109.296875,170284.0,0.72
2016-07-26,109.28125,109.328125,109.2578125,109.296875,282030.0,0.75
2016-07-27,109.3125,109.375,109.265625,109.375,294274.0,0.73
2016-07-28,109.3671875,109.40625,109.3359375,109.3828125,210723.0,0.72
2016-07-29,109.3984375,109.515625,109.3203125,109.5,384482.0,0.67
2016-08-01,109.5078125,109.52734375,109.4375,109.4609375,274912.0,0.67
2016-08-02,109.4453125,109.4765625,109.40625,109.46875,290790.0,0.67
2016-08-03,109.453125,109.484375,109.421875,109.4609375,169290.0,0.67
2016-08-04,109.46875,109.53125,109.4453125,109.515625,199270.0,0.64
2016-08-05,109.5234375,109.53125,109.34375,109.359375,262482.0,0.72
2016-08-08,109.3515625,109.3828125,109.3203125,109.359375,185735.0,0.74
2016-08-09,109.3515625,109.3984375,109.3359375,109.390625,182456.0,0.71
2016-08-10,109.3984375,109.4609375,109.390625,109.453125,193571.0,0.69
2016-08-11,109.453125,109.46875,109.3203125,109.328125,222638.0,0.76
2016-08-12,109.328125,109.4765625,109.3203125,109.4140625,265068.0,0.71
2016-08-15,109.4140625,109.4453125,109.359375,109.375,143240.0,0.72
2016-08-16,109.3671875,109.453125,109.296875,109.3203125,248862.0,0.76
2016-08-17,109.3203125,109.3984375,109.265625,109.328125,230762.0,0.74
2016-08-18,109.34375,109.3984375,109.3359375,109.3828125,199986.0,0.71
2016-08-19,109.3984375,109.3984375,109.2890625,109.3125,161091.0,0.76
2016-08-22,109.296875,109.34375,109.2421875,109.328125,147579.0,0.76
2016-08-23,109.328125,109.34375,109.2890625,109.3046875,257511.0,0.74
2016-08-24,109.3203125,109.3359375,109.2890625,109.296875,422200.0,0.76
2016-08-25,109.296875,109.3125,109.25,109.265625,680234.0,0.78
2016-08-26,109.25,109.328125,109.1328125,109.140625,740824.0,0.84
2016-08-29,109.140625,109.2265625,109.1328125,109.2265625,619539.0,0.81
2016-08-30,109.2265625,109.2421875,109.171875,109.234375,279496.0,0.8
2016-08-31,109.2421875,109.2734375,109.203125,109.25,79225.0,0.8
2016-09-01,109.21875,109.28125,109.1796875,109.265625,44762.0,0.78
2016-09-02,109.265625,109.3984375,109.21875,109.25,19046.0,0.8
2016-09-05,,,,,,
2016-09-06,109.2421875,109.359375,109.2265625,109.3515625,14753.0,0.74
2016-09-07,109.359375,109.375,109.3359375,109.34375,7886.0,0.74
2016-09-08,109.359375,109.359375,109.265625,109.265625,4852.0,0.78
2016-09-09,109.265625,109.265625,109.2109375,109.234375,2968.0,0.79
2016-09-12,109.2421875,109.28125,109.2421875,109.28125,4257.0,0.79
2016-09-13,109.2890625,109.2890625,109.21875,109.21875,3169.0,0.8
2016-09-14,109.2734375,109.3046875,109.25,109.3046875,2254.0,0.77
2016-09-15,109.3203125,109.3515625,109.296875,109.34375,2877.0,0.74
2016-09-16,109.3046875,109.3203125,109.2578125,109.2578125,2918.0,0.77
2016-09-19,109.2734375,109.2734375,109.265625,109.265625,667.0,0.79
2016-09-20,109.2734375,109.28125,109.2578125,109.2578125,1197.0,0.79
2016-09-21,109.2265625,109.2421875,109.21875,109.2421875,1088.0,0.79
2016-09-22,109.296875,109.3125,109.265625,109.265625,278.0,0.79
2016-09-23,109.3203125,109.3203125,109.3125,109.3203125,518.0,0.77
2016-09-26,109.3515625,109.3671875,109.3515625,109.359375,743.0,0.76
2016-09-27,109.3671875,109.40625,109.359375,109.40625,2942.0,0.75
2016-09-28,109.40625,109.40625,109.359375,109.375,572.0,0.75
2016-09-29,109.3671875,109.3984375,109.3515625,109.3984375,824.0,0.73
2016-09-30,109.515625,109.515625,109.3125,109.328125,399822.0,0.77
2016-10-03,109.2265625,109.2265625,109.1484375,109.1484375,282121.0,0.8
2016-10-04,109.15625,109.1640625,109.0859375,109.1015625,337275.0,0.82
2016-10-05,109.1015625,109.1328125,109.03125,109.0546875,265440.0,0.85
2016-10-06,109.078125,109.078125,109.015625,109.03125,284126.0,0.86
2016-10-07,109.03125,109.0703125,108.9921875,109.03125,415745.0,0.83
2016-10-10,,,,,,
2016-10-11,108.9765625,108.9921875,108.9375,108.9765625,443773.0,0.87
2016-10-12,108.96875,108.9921875,108.921875,108.9609375,313259.0,0.87
2016-10-13,108.9921875,109.046875,108.984375,109.0390625,299688.0,0.85
2016-10-14,109.0234375,109.09375,108.984375,109.0390625,295597.0,0.84
2016-10-17,109.0390625,109.1015625,109.0234375,109.0703125,239598.0,0.81
2016-10-18,109.078125,109.125,109.046875,109.1015625,386387.0,0.82
2016-10-19,109.1171875,109.1328125,109.0703125,109.1171875,278122.0,0.81
2016-10-20,109.1328125,109.1328125,109.078125,109.09375,222981.0,0.84
2016-10-21,109.078125,109.1015625,109.0625,109.09375,192798.0,0.84
2016-10-24,109.09375,109.1171875,109.0546875,109.0703125,160049.0,0.84
2016-10-25,109.0546875,109.078125,109.0390625,109.0546875,205687.0,0.86
2016-10-26,109.0625,109.0703125,109.015625,109.03125,218005.0,0.86
2016-10-27,109.03125,109.0390625,108.9765625,109.0,264690.0,0.87
2016-10-28,108.9921875,109.0703125,108.96875,109.046875,292823.0,0.86
2016-10-31,109.0625,109.0859375,109.046875,109.0703125,271477.0,0.86
2016-11-01,109.0625,109.125,109.0078125,109.109375,343269.0,0.83
2016-11-02,109.1015625,109.1796875,109.09375,109.140625,347965.0,0.81
2016-11-03,109.1484375,109.234375,109.1328125,109.1640625,299212.0,0.81
2016-11-04,109.171875,109.234375,109.125,109.2109375,404936.0,0.8
2016-11-07,109.171875,109.1796875,109.109375,109.1640625,251708.0,0.82
2016-11-08,109.1640625,109.171875,109.0546875,109.078125,251680.0,0.87
2016-11-09,109.0859375,109.390625,108.96875,109.015625,832882.0,0.9
2016-11-10,109.015625,109.09375,108.9375,109.0,786048.0,0.92
2016-11-11,,,,,,
2016-11-14,108.9453125,108.953125,108.7734375,108.8359375,418456.0,1.0
2016-11-15,108.796875,108.8671875,108.75,108.8046875,388395.0,1.02
2016-11-16,108.828125,108.8515625,108.75,108.8125,379251.0,1.0
2016-11-17,108.8046875,108.8515625,108.7109375,108.7578125,284657.0,1.04
2016-11-18,108.7109375,108.7734375,108.671875,108.703125,344790.0,1.07
2016-11-21,108.671875,108.734375,108.65625,108.671875,405434.0,1.08
2016-11-22,108.6953125,108.71875,108.65625,108.6875,636087.0,1.07
2016-11-23,108.671875,108.703125,108.578125,108.609375,695018.0,1.12
2016-11-24,,,,,,
2016-11-25,108.6328125,108.6328125,108.5390625,108.6171875,502392.0,1.12
2016-11-28,108.6328125,108.6796875,108.6171875,108.65625,712776.0,1.11
2016-11-29,108.6640625,108.6875,108.6171875,108.6796875,320874.0,1.09
2016-11-30,108.6875,108.6875,108.6015625,108.6640625,104615.0,1.11
2016-12-01,108.6484375,108.6484375,108.5703125,108.609375,46625.0,1.14
2016-12-02,108.6171875,108.7109375,108.609375,108.703125,12961.0,1.11
2016-12-05,108.71875,108.7421875,108.6328125,108.671875,23462.0,1.13
2016-12-06,108.703125,108.703125,108.6640625,108.671875,7086.0,1.12
2016-12-07,108.671875,108.71875,108.671875,108.703125,4914.0,1.1
2016-12-08,108.7109375,108.71875,108.671875,108.7109375,587.0,1.12
2016-12-09,108.6796875,108.7109375,108.6640625,108.671875,985.0,1.15
2016-12-12,108.640625,108.6796875,108.640625,108.671875,3152.0,1.15
2016-12-13,108.671875,108.6796875,108.609375,108.6328125,4546.0,1.17
2016-12-14,108.6328125,108.65625,108.4453125,108.4765625,4699.0,1.27
2016-12-15,108.4375,108.4609375,108.40625,108.4453125,2112.0,1.29
2016-12-16,108.4609375,108.484375,108.4375,108.4375,3058.0,1.28
2016-12-19,108.46875,108.5234375,108.46875,108.5078125,1808.0,1.24
2016-12-20,108.4765625,108.5078125,108.4609375,108.4921875,1111.0,1.25
2016-12-21,108.5234375,108.5390625,108.5078125,108.53125,270.0,1.21
2016-12-22,108.53125,108.5625,108.5078125,108.53125,1319.0,1.22
2016-12-23,108.5546875,108.5546875,108.515625,108.5390625,200.0,1.22
2016-12-26,,,,,,
2016-12-27,108.515625,108.5546875,108.5078125,108.5390625,466.0,1.28
2016-12-28,108.5390625,108.5625,108.5078125,108.5625,1749.0,1.26
2016-12-29,108.6015625,108.6484375,108.6015625,108.6484375,109.0,1.22
2016-12-30,108.65625,108.671875,108.65625,108.671875,159606.0,1.2
2017-01-02,,,,,,
2017-01-03,108.3046875,108.328125,108.203125,108.265625,305685.0,1.22
2017-01-04,108.265625,108.28125,108.2265625,108.25,241137.0,1.24
2017-01-05,108.2734375,108.3984375,108.2578125,108.3671875,349342.0,1.17
2017-01-06,108.3984375,108.4453125,108.265625,108.2890625,291198.0,1.22
2017-01-09,108.2890625,108.359375,108.2578125,108.3515625,197363.0,1.21
2017-01-10,108.359375,108.3671875,108.3125,108.3515625,212058.0,1.19
2017-01-11,108.3515625,108.4296875,108.3125,108.359375,261033.0,1.2
2017-01-12,108.34375,108.4453125,108.34375,108.3515625,329976.0,1.18
2017-01-13,108.375,108.4375,108.265625,108.34375,410569.0,1.21
2017-01-16,,,,,,
2017-01-17,108.328125,108.4765625,108.328125,108.4296875,336353.0,1.17
2017-01-18,108.4375,108.4375,108.2890625,108.359375,279770.0,1.23
2017-01-19,108.2890625,108.3125,108.234375,108.296875,298376.0,1.25
2017-01-20,108.2890625,108.3828125,108.2578125,108.3671875,299216.0,1.2
2017-01-23,108.3515625,108.484375,108.34375,108.4609375,317791.0,1.16
2017-01-24,108.4765625,108.4765625,108.3515625,108.359375,253287.0,1.21
2017-01-25,108.3671875,108.3828125,108.3046875,108.3203125,271393.0,1.23
2017-01-26,108.34375,108.375,108.296875,108.359375,312644.0,1.21
2017-01-27,108.3515625,108.390625,108.328125,108.3828125,230437.0,1.22
2017-01-30,108.3828125,108.40625,108.359375,108.3828125,250693.0,1.22
2017-01-31,108.375,108.4375,108.3671875,108.3984375,298063.0,1.19
2017-02-01,108.390625,108.40625,108.28125,108.3984375,339366.0,1.22
2017-02-02,108.3828125,108.4296875,108.3671875,108.40625,203429.0,1.21
2017-02-03,108.3984375,108.4765625,108.3125,108.390625,357855.0,1.21
2017-02-06,108.4140625,108.515625,108.4140625,108.5,268373.0,1.16
2017-02-07,108.515625,108.5390625,108.4609375,108.484375,298406.0,1.16
2017-02-08,108.4765625,108.546875,108.46875,108.5234375,340543.0,1.15
2017-02-09,108.53125,108.5390625,108.4453125,108.4609375,264018.0,1.2
2017-02-10,108.4609375,108.46875,108.421875,108.4296875,202635.0,1.2
2017-02-13,108.4296875,108.4296875,108.3984375,108.4140625,166590.0,1.2
2017-02-14,108.40625,108.421875,108.3125,108.34375,362748.0,1.25
2017-02-15,108.3359375,108.359375,108.28125,108.296875,346107.0,1.27
2017-02-16,108.3046875,108.3984375,108.2890625,108.3828125,344271.0,1.22
2017-02-17,108.3828125,108.4609375,108.3671875,108.4375,283916.0,1.21
2017-02-20,,,,,,
2017-02-21,108.453125,108.453125,108.390625,108.4375,556961.0,1.22
2017-02-22,108.4375,108.5,108.3828125,108.4609375,922060.0,1.22
2017-02-23,108.46875,108.546875,108.453125,108.5234375,910459.0,1.18
2017-02-24,108.5390625,108.6328125,108.53125,108.6328125,662928.0,1.12
2017-02-27,108.6328125,108.640625,108.5078125,108.515625,490852.0,1.2
2017-02-28,108.5390625,108.5546875,108.375,108.4921875,168093.0,1.22
2017-03-01,108.390625,108.390625,108.3203125,108.3671875,52539.0,1.29
2017-03-02,108.3671875,108.375,108.265625,108.2890625,35770.0,1.32
2017-03-03,108.3046875,108.328125,108.265625,108.3203125,24574.0,1.32
2017-03-06,108.3359375,108.359375,108.296875,108.3203125,13490.0,1.31
2017-03-07,108.3203125,108.3359375,108.2734375,108.2890625,6960.0,1.32
2017-03-08,108.2734375,108.2734375,108.203125,108.2421875,3775.0,1.36
2017-03-09,108.21875,108.234375,108.2109375,108.234375,4988.0,1.37
2017-03-10,108.2265625,108.2578125,108.2109375,108.25,5086.0,1.36
2017-03-13,108.2578125,108.28125,108.2265625,108.2421875,4417.0,1.4
2017-03-14,108.2265625,108.25,108.2265625,108.234375,2799.0,1.4
2017-03-15,108.234375,108.3671875,108.1953125,108.3515625,2951.0,1.33
2017-03-16,108.3671875,108.375,108.3046875,108.3203125,3806.0,1.35
2017-03-17,108.3359375,108.3515625,108.328125,108.328125,1175.0,1.33
2017-03-20,108.3203125,108.3671875,108.3125,108.3671875,650.0,1.3
2017-03-21,108.3671875,108.4140625,108.3359375,108.40625,348.0,1.27
2017-03-22,108.46875,108.46875,108.453125,108.453125,169.0,1.27
2017-03-23,108.4609375,108.4765625,108.4296875,108.46875,1449.0,1.26
2017-03-24,108.4921875,108.4921875,108.4921875,108.4921875,965.0,1.26
2017-03-27,108.5703125,108.5703125,108.4609375,108.4609375,1881.0,1.27
2017-03-28,108.5,108.5,108.40625,108.40625,45.0,1.3
2017-03-29,108.4453125,108.4453125,108.4453125,108.4453125,26.0,1.26
2017-03-30,108.4765625,108.484375,108.4296875,108.4296875,26.0,1.28
2017-03-31,108.46875,108.46875,108.46875,108.46875,348260.0,1.27
2017-04-03,108.2421875,108.3046875,108.1953125,108.2734375,330130.0,1.24
2017-04-04,108.2890625,108.296875,108.2421875,108.2578125,301658.0,1.25
2017-04-05,108.2421875,108.3046875,108.203125,108.2578125,349486.0,1.24
2017-04-06,108.2890625,108.3046875,108.234375,108.265625,213700.0,1.24
2017-04-07,108.265625,108.390625,108.171875,108.1875,403914.0,1.29
2017-04-10,108.1796875,108.2421875,108.15625,108.2109375,191717.0,1.29
2017-04-11,108.2109375,108.328125,108.2109375,108.3046875,206657.0,1.24
2017-04-12,108.3046875,108.3828125,108.265625,108.3046875,218157.0,1.24
2017-04-13,108.375,108.390625,108.3125,108.3671875,217596.0,1.21
2017-04-14,,,,,,
2017-04-17,108.390625,108.4375,108.359375,108.375,211232.0,1.21
2017-04-18,108.375,108.4765625,108.3671875,108.453125,285976.0,1.18
2017-04-19,108.46875,108.46875,108.40625,108.453125,325351.0,1.19
2017-04-20,108.4375,108.453125,108.3828125,108.40625,255324.0,1.21
2017-04-21,108.4296875,108.46875,108.40625,108.4375,277194.0,1.2
2017-04-24,108.3359375,108.3515625,108.2421875,108.34375,269597.0,1.25
2017-04-25,108.3359375,108.34375,108.25,108.265625,264708.0,1.29
2017-04-26,108.265625,108.3125,108.2421875,108.296875,228584.0,1.28
2017-04-27,108.296875,108.3359375,108.28125,108.328125,176561.0,1.25
2017-04-28,108.3203125,108.34375,108.2578125,108.3046875,301089.0,1.28
2017-05-01,108.3046875,108.3203125,108.265625,108.2734375,158558.0,1.28
2017-05-02,108.2890625,108.328125,108.2578125,108.3203125,172237.0,1.27
2017-05-03,108.3203125,108.3203125,108.234375,108.2578125,263314.0,1.3
2017-05-04,108.25,108.2578125,108.1875,108.21875,248224.0,1.32
2017-05-05,108.2109375,108.2578125,108.15625,108.2109375,229727.0,1.32
2017-05-08,108.203125,108.234375,108.1640625,108.1953125,237271.0,1.33
2017-05-09,108.1796875,108.203125,108.140625,108.1484375,292388.0,1.37
2017-05-10,108.171875,108.21875,108.140625,108.1484375,332695.0,1.35
2017-05-11,108.140625,108.1875,108.1171875,108.171875,315359.0,1.35
2017-05-12,108.1875,108.296875,108.1796875,108.2890625,289507.0,1.29
2017-05-15,108.2890625,108.296875,108.2578125,108.2734375,219666.0,1.31
2017-05-16,108.2734375,108.3046875,108.2421875,108.2734375,202864.0,1.29
2017-05-17,108.2734375,108.40625,108.265625,108.390625,398663.0,1.26
2017-05-18,108.390625,108.4375,108.3203125,108.3515625,516650.0,1.27
2017-05-19,108.34375,108.359375,108.296875,108.34375,416650.0,1.28
2017-05-22,108.328125,108.359375,108.3046875,108.34375,442586.0,1.29
2017-05-23,108.3359375,108.3671875,108.2734375,108.28125,634370.0,1.31
2017-05-24,108.28125,108.3671875,108.265625,108.328125,929962.0,1.29
2017-05-25,108.3515625,108.3671875,108.3203125,108.328125,819810.0,1.3
2017-05-26,108.3203125,108.3515625,108.296875,108.3125,630367.0,1.3
2017-05-29,,,,,,
2017-05-30,108.3125,108.34375,108.296875,108.34375,516716.0,1.28
2017-05-31,108.328125,108.359375,108.3046875,108.3515625,81777.0,1.28
2017-06-01,108.3359375,108.3359375,108.2890625,108.3125,53993.0,1.28
2017-06-02,108.3125,108.375,108.296875,108.3359375,20503.0,1.28
2017-06-05,108.328125,108.3359375,108.3046875,108.3046875,17311.0,1.32
2017-06-06,108.3203125,108.359375,108.3203125,108.328125,12278.0,1.3
2017-06-07,108.328125,108.3359375,108.296875,108.3046875,6339.0,1.32
2017-06-08,108.3046875,108.3125,108.2734375,108.2890625,16517.0,1.33
2017-06-09,108.3203125,108.3203125,108.25,108.28125,6945.0,1.35
2017-06-12,108.265625,108.2890625,108.25,108.25,9259.0,1.35
2017-06-13,108.2578125,108.265625,108.2421875,108.2578125,2064.0,1.38
2017-06-14,108.265625,108.40625,108.265625,108.296875,3175.0,1.35
2017-06-15,108.296875,108.296875,108.25,108.2578125,1780.0,1.35
2017-06-16,108.25,108.3125,108.25,108.3046875,890.0,1.32
2017-06-19,108.3046875,108.3046875,108.2421875,108.2421875,156.0,1.36
2017-06-20,108.2421875,108.28125,108.21875,108.2734375,1298.0,1.36
2017-06-21,108.25,108.25,108.25,108.25,648.0,1.36
2017-06-22,108.2578125,108.2734375,108.2578125,108.2734375,33.0,1.34
2017-06-23,108.2890625,108.3046875,108.28125,108.296875,809.0,1.34
2017-06-26,108.296875,108.3125,108.2734375,108.3125,1067.0,1.36
2017-06-27,108.25,108.25,108.25,108.25,546.0,1.38
2017-06-28,108.2578125,108.296875,108.2578125,108.2734375,671.0,1.34
2017-06-29,108.296875,108.3515625,108.2109375,108.3046875,372.0,1.38
2017-06-30,108.3671875,108.3671875,108.3359375,108.3359375,382588.0,1.38
2017-07-03,108.046875,108.0703125,107.9609375,107.9765625,217812.0,1.41
2017-07-04,,,,,,
2017-07-05,107.9921875,108.03125,107.953125,107.9765625,299529.0,1.41
2017-07-06,108.0,108.0078125,107.9375,107.9921875,304797.0,1.4
2017-07-07,108.0,108.046875,107.96875,107.984375,311530.0,1.4
2017-07-10,108.0,108.046875,107.9921875,108.0234375,170955.0,1.4
2017-07-11,108.0234375,108.0703125,108.0,108.0625,247932.0,1.37
2017-07-12,108.0625,108.1640625,108.0546875,108.125,339601.0,1.35
2017-07-13,108.1328125,108.1484375,108.078125,108.1015625,230826.0,1.37
2017-07-14,108.09375,108.1875,108.078125,108.109375,311894.0,1.35
2017-07-17,108.1015625,108.140625,108.1015625,108.125,143658.0,1.36
2017-07-18,108.1171875,108.15625,108.109375,108.140625,254018.0,1.36
2017-07-19,108.1328125,108.1484375,108.1171875,108.1328125,152141.0,1.37
2017-07-20,108.125,108.15625,108.1171875,108.1328125,216270.0,1.37
2017-07-21,108.140625,108.171875,108.125,108.1640625,178940.0,1.36
2017-07-24,108.1640625,108.1796875,108.125,108.1328125,121390.0,1.37
2017-07-25,108.1328125,108.140625,108.0625,108.078125,274917.0,1.4
2017-07-26,108.078125,108.1796875,108.0703125,108.171875,296985.0,1.36
2017-07-27,108.1640625,108.171875,108.125,108.1640625,281175.0,1.36
2017-07-28,108.15625,108.1875,108.125,108.1796875,228153.0,1.34
2017-07-31,108.171875,108.1953125,108.15625,108.171875,208965.0,1.34
2017-08-01,108.1640625,108.1953125,108.140625,108.1875,253482.0,1.34
2017-08-02,108.1796875,108.1875,108.140625,108.1484375,304481.0,1.36
2017-08-03,108.140625,108.2109375,108.140625,108.1953125,256386.0,1.34
2017-08-04,108.1953125,108.1953125,108.1328125,108.15625,230139.0,1.36
2017-08-07,108.171875,108.171875,108.1328125,108.171875,143365.0,1.36
2017-08-08,108.1640625,108.171875,108.1328125,108.1484375,212578.0,1.36
2017-08-09,108.171875,108.234375,108.1640625,108.203125,285403.0,1.33
2017-08-10,108.1875,108.2265625,108.1796875,108.203125,248135.0,1.33
2017-08-11,108.203125,108.3046875,108.1953125,108.2890625,373921.0,1.3
2017-08-14,108.28125,108.2890625,108.21875,108.234375,240604.0,1.33
2017-08-15,108.2421875,108.2421875,108.1640625,108.171875,226089.0,1.35
2017-08-16,108.171875,108.2265625,108.1484375,108.21875,260156.0,1.33
2017-08-17,108.2109375,108.25,108.1875,108.2421875,287107.0,1.32
2017-08-18,108.2421875,108.2890625,108.21875,108.234375,266063.0,1.33
2017-08-21,108.2421875,108.28125,108.21875,108.265625,228014.0,1.32
2017-08-22,108.2578125,108.265625,108.21875,108.2265625,301770.0,1.33
2017-08-23,108.21875,108.2734375,108.2109375,108.265625,336947.0,1.32
2017-08-24,108.265625,108.265625,108.2109375,108.21875,519478.0,1.33
2017-08-25,108.21875,108.234375,108.1875,108.21875,630355.0,1.35
2017-08-28,108.21875,108.2421875,108.203125,108.2421875,671813.0,1.33
2017-08-29,108.2578125,108.328125,108.25,108.28125,842413.0,1.33
2017-08-30,108.2890625,108.2890625,108.234375,108.265625,459501.0,1.33
2017-08-31,108.2734375,108.296875,108.2421875,108.2734375,117657.0,1.33
2017-09-01,108.2734375,108.3125,108.21875,108.234375,57503.0,1.35
2017-09-04,,,,,,
2017-09-05,108.28125,108.34375,108.265625,108.34375,26960.0,1.3
2017-09-06,108.34375,108.3515625,108.3125,108.328125,10583.0,1.3
2017-09-07,108.328125,108.3984375,108.328125,108.375,11143.0,1.27
2017-09-08,108.421875,108.4296875,108.375,108.40625,2513.0,1.27
2017-09-11,108.375,108.3828125,108.296875,108.3203125,4075.0,1.32
2017-09-12,108.3125,108.3125,108.265625,108.2890625,3541.0,1.33
2017-09-13,108.2890625,108.3125,108.2578125,108.2578125,5493.0,1.35
2017-09-14,108.265625,108.2734375,108.203125,108.2265625,2080.0,1.37
2017-09-15,108.2578125,108.2578125,108.1796875,108.1875,1480.0,1.39
2017-09-18,108.1796875,108.1796875,108.1484375,108.1640625,2374.0,1.4
2017-09-19,108.1796875,108.1796875,108.1484375,108.1484375,1215.0,1.4
2017-09-20,108.171875,108.171875,108.0703125,108.0859375,2707.0,1.45
2017-09-21,108.078125,108.1015625,108.078125,108.078125,1698.0,1.45
2017-09-22,108.09375,108.1015625,108.0859375,108.09375,665.0,1.46
2017-09-25,108.140625,108.140625,108.140625,108.140625,1652.0,1.44
2017-09-26,108.125,108.125,108.078125,108.1015625,914.0,1.45
2017-09-27,108.078125,108.078125,108.0546875,108.078125,1438.0,1.47
2017-09-28,108.046875,108.1171875,108.03125,108.1171875,1588.0,1.45
2017-09-29,108.0625,108.078125,108.0625,108.0703125,512147.0,1.47
2017-10-02,107.8203125,107.8515625,107.78125,107.828125,273396.0,1.49
2017-10-03,107.8203125,107.859375,107.8046875,107.8359375,263777.0,1.47
2017-10-04,107.84375,107.8828125,107.8125,107.828125,298281.0,1.47
2017-10-05,107.8359375,107.84375,107.78125,107.796875,303978.0,1.49
2017-10-06,107.796875,107.8046875,107.734375,107.7734375,441082.0,1.54
2017-10-09,107.78125,107.7890625,107.7578125,107.765625,86622.0,
2017-10-10,107.7734375,107.8046875,107.7578125,107.7890625,387300.0,1.51
2017-10-11,107.765625,107.7890625,107.75,107.7578125,287319.0,1.51
2017-10-12,107.75,107.7890625,107.7421875,107.765625,267994.0,1.51
2017-10-13,107.7578125,107.8203125,107.7265625,107.7890625,349703.0,1.51
2017-10-16,107.796875,107.796875,107.6953125,107.703125,308445.0,1.54
2017-10-17,107.703125,107.7265625,107.671875,107.703125,314081.0,1.54
2017-10-18,107.6953125,107.703125,107.65625,107.6796875,332469.0,1.59
2017-10-19,107.6796875,107.765625,107.671875,107.7109375,364902.0,1.58
2017-10-20,107.7578125,107.7734375,107.6640625,107.671875,330770.0,1.6
2017-10-23,107.671875,107.71875,107.65625,107.7109375,263929.0,1.58
2017-10-24,107.703125,107.71875,107.6640625,107.6953125,341307.0,1.6
2017-10-25,107.671875,107.703125,107.6328125,107.6640625,329677.0,1.61
2017-10-26,107.6875,107.7109375,107.625,107.640625,291564.0,1.63
2017-10-27,107.6328125,107.7109375,107.6015625,107.6796875,337896.0,1.59
2017-10-30,107.6875,107.7265625,107.6796875,107.71875,240914.0,1.58
2017-10-31,107.71875,107.734375,107.6640625,107.6796875,317522.0,1.6
2017-11-01,107.671875,107.671875,107.6171875,107.6328125,432009.0,1.61
2017-11-02,107.6484375,107.6875,107.6328125,107.65625,334434.0,1.61
2017-11-03,107.65625,107.703125,107.6015625,107.6328125,288972.0,1.63
2017-11-06,107.640625,107.6640625,107.625,107.640625,285676.0,1.61
2017-11-07,107.6328125,107.640625,107.6171875,107.6328125,265254.0,1.63
2017-11-08,107.6171875,107.640625,107.59375,107.609375,242937.0,1.65
2017-11-09,107.6015625,107.640625,107.5859375,107.640625,424312.0,1.63
2017-11-10,107.625,107.6328125,107.578125,107.5859375,286446.0,1.67
2017-11-13,107.59375,107.609375,107.5234375,107.5390625,281294.0,1.7
2017-11-14,107.53125,107.546875,107.5078125,107.5234375,370513.0,1.68
2017-11-15,107.5390625,107.59375,107.5234375,107.5390625,535684.0,1.68
2017-11-16,107.5390625,107.546875,107.484375,107.4921875,452645.0,1.72
2017-11-17,107.4921875,107.5078125,107.46875,107.4765625,376264.0,1.73
2017-11-20,107.484375,107.5078125,107.4296875,107.4296875,592332.0,1.77
2017-11-21,107.4296875,107.4375,107.375,107.390625,652930.0,1.77
2017-11-22,107.390625,107.5,107.390625,107.4921875,379773.0,1.74
2017-11-23,,,,,,
2017-11-24,107.4921875,107.5,107.453125,107.453125,386756.0,1.75
2017-11-27,107.4609375,107.4765625,107.4296875,107.4765625,1258620.0,1.74
2017-11-28,107.46875,107.5,107.4375,107.453125,1133444.0,1.75
2017-11-29,107.4609375,107.46875,107.3984375,107.4296875,486458.0,1.78
2017-11-30,107.421875,107.4296875,107.3515625,107.375,128211.0,1.78
2017-12-01,107.375,107.453125,107.3125,107.390625,40454.0,1.78
2017-12-04,107.359375,107.359375,107.3203125,107.3359375,15886.0,1.8
2017-12-05,107.328125,107.3359375,107.28125,107.3046875,16260.0,1.83
2017-12-06,107.3203125,107.3671875,107.3203125,107.34375,10782.0,1.78
2017-12-07,107.3359375,107.3515625,107.328125,107.3359375,10491.0,1.8
2017-12-08,107.328125,107.375,107.3125,107.359375,2355.0,1.8
2017-12-11,107.3671875,107.3828125,107.3125,107.3125,4856.0,1.82
2017-12-12,107.3046875,107.3125,107.265625,107.3046875,7871.0,1.83
2017-12-13,107.3203125,107.3984375,107.265625,107.3984375,7354.0,1.79
2017-12-14,107.3828125,107.3828125,107.3203125,107.3359375,1727.0,1.82
2017-12-15,107.3203125,107.3203125,107.28125,107.296875,3207.0,1.84
2017-12-18,107.2578125,107.3125,107.2578125,107.3125,2497.0,1.84
2017-12-19,107.2734375,107.2734375,107.2578125,107.2734375,4046.0,1.87
2017-12-20,107.2578125,107.2734375,107.2578125,107.2578125,2078.0,1.87
2017-12-21,107.2421875,107.2421875,107.2265625,107.2265625,1138.0,1.89
2017-12-22,107.21875,107.21875,107.203125,107.203125,2237.0,1.91
2017-12-25,,,,,,
2017-12-26,107.1796875,107.21875,107.1796875,107.2109375,3526.0,1.92
2017-12-27,107.2109375,107.2578125,107.2109375,107.25,1330.0,1.89
2017-12-28,107.25,107.2578125,107.2421875,107.2421875,3965.0,1.91
2017-12-29,107.28125,107.28125,107.28125,107.28125,152061.0,1.89
2018-01-01,,,,,,
2018-01-02,107.046875,107.0546875,106.96875,106.984375,261259.0,1.92
2018-01-03,106.984375,107.0078125,106.953125,106.96875,296103.0,1.94
2018-01-04,106.953125,106.9609375,106.875,106.9140625,427544.0,1.96
2018-01-05,106.921875,106.96875,106.890625,106.90625,367071.0,1.96
2018-01-08,106.8984375,106.9296875,106.890625,106.9140625,137297.0,1.96
2018-01-09,106.90625,106.9453125,106.890625,106.9140625,440716.0,1.98
2018-01-10,106.8984375,106.921875,106.875,106.90625,430710.0,1.98
2018-01-11,106.890625,106.921875,106.875,106.8984375,387944.0,1.98
2018-01-12,106.875,106.8828125,106.796875,106.84375,405341.0,1.99
2018-01-15,,,,,,
2018-01-16,106.8359375,106.859375,106.7890625,106.8203125,381990.0,2.03
2018-01-17,106.8125,106.8203125,106.75,106.7578125,412317.0,2.05
2018-01-18,106.7578125,106.7734375,106.734375,106.765625,464939.0,2.05
2018-01-19,106.7578125,106.7734375,106.7265625,106.7421875,363525.0,2.06
2018-01-22,106.734375,106.7421875,106.703125,106.7265625,368960.0,2.08
2018-01-23,106.734375,106.7890625,106.7265625,106.7734375,326409.0,2.06
2018-01-24,106.7890625,106.796875,106.7265625,106.734375,323713.0,2.08
2018-01-25,106.7421875,106.765625,106.6796875,106.7265625,425217.0,2.08
2018-01-26,106.71875,106.7265625,106.6328125,106.6640625,436571.0,2.13
2018-01-29,106.6640625,106.6796875,106.5859375,106.6640625,411358.0,2.11
2018-01-30,106.671875,106.6953125,106.625,106.6640625,405262.0,2.13
2018-01-31,106.671875,106.703125,106.578125,106.6171875,718978.0,2.14
2018-02-01,106.609375,106.6328125,106.5625,106.5859375,608720.0,2.16
2018-02-02,106.5703125,106.6328125,106.5390625,106.59375,704884.0,2.15
2018-02-05,106.609375,106.84375,106.59375,106.734375,857645.0,2.08
2018-02-06,106.828125,107.0078125,106.65625,106.7109375,824022.0,2.1
2018-02-07,106.671875,106.75,106.6015625,106.640625,692531.0,2.15
2018-02-08,106.65625,106.703125,106.609375,106.640625,646220.0,2.13
2018-02-09,106.6796875,106.8828125,106.640625,106.765625,905782.0,2.05
2018-02-12,106.71875,106.71875,106.640625,106.6875,524577.0,2.09
2018-02-13,106.6796875,106.7109375,106.640625,106.6640625,432218.0,2.1
2018-02-14,106.6640625,106.703125,106.5078125,106.53125,711593.0,2.17
2018-02-15,106.5390625,106.546875,106.453125,106.5234375,489510.0,2.19
2018-02-16,106.5078125,106.5546875,106.4921875,106.5390625,427427.0,2.21
2018-02-19,,,,,,
2018-02-20,106.53125,106.546875,106.4375,106.4921875,744385.0,2.25
2018-02-21,106.4921875,106.5234375,106.453125,106.4765625,884100.0,2.26
2018-02-22,106.4765625,106.53125,106.46875,106.515625,1125823.0,2.25
2018-02-23,106.5234375,106.5859375,106.5078125,106.5390625,1125823.0,2.25
2018-02-26,106.53125,106.59375,106.515625,106.5546875,1396171.0,2.22
2018-02-27,106.5546875,106.5859375,106.4609375,106.4921875,828442.0,2.27
2018-02-28,106.484375,106.515625,106.4453125,106.4921875,176113.0,2.25
2018-03-01,106.515625,106.6171875,106.484375,106.609375,94517.0,2.22
2018-03-02,106.59375,106.6328125,106.53125,106.5546875,33555.0,2.25
2018-03-05,106.5546875,106.609375,106.5234375,106.546875,15479.0,2.24
2018-03-06,106.53125,106.5703125,106.515625,106.5390625,9833.0,2.25
2018-03-07,106.546875,106.59375,106.515625,106.5390625,15965.0,2.25
2018-03-08,106.546875,106.5703125,106.53125,106.5390625,15239.0,2.25
2018-03-09,106.5390625,106.546875,106.5,106.5390625,4261.0,2.27
2018-03-12,106.5234375,106.546875,106.515625,106.546875,8674.0,2.27
2018-03-13,106.53125,106.59375,106.53125,106.546875,7574.0,2.26
2018-03-14,106.5703125,106.59375,106.5234375,106.5625,4019.0,2.26
2018-03-15,106.578125,106.578125,106.5078125,106.5234375,1953.0,2.29
2018-03-16,106.5078125,106.5390625,106.4921875,106.5,2298.0,2.31
2018-03-19,106.5,106.5390625,106.4765625,106.5078125,5669.0,2.31
2018-03-20,106.4765625,106.484375,106.421875,106.4453125,15685.0,2.34
2018-03-21,106.4375,106.5078125,106.3984375,106.4921875,4550.0,2.31
2018-03-22,106.4921875,106.5625,106.4921875,106.5234375,320.0,2.29
2018-03-23,106.5625,106.5703125,106.5546875,106.5546875,126.0,2.28
2018-03-26,106.5546875,106.5546875,106.5234375,106.5234375,496.0,2.33
2018-03-27,106.5546875,106.5859375,106.5390625,106.578125,4559.0,2.26
2018-03-28,106.625,106.625,106.546875,106.546875,1901.0,2.28
2018-03-29,106.5546875,106.5625,106.546875,106.546875,426798.0,2.27
2018-03-30,,,,,,
2018-04-02,106.28125,106.3984375,106.2734375,106.375,440284.0,2.25
2018-04-03,106.3671875,106.375,106.2734375,106.2890625,340626.0,2.28
2018-04-04,106.3125,106.359375,106.2578125,106.28125,284345.0,2.28
2018-04-05,106.265625,106.265625,106.234375,106.25,277567.0,2.3
2018-04-06,106.25,106.34375,106.2421875,106.328125,434845.0,2.27
2018-04-09,106.34375,106.34375,106.2734375,106.296875,274386.0,2.29
2018-04-10,106.296875,106.3125,106.234375,106.2578125,409499.0,2.32
2018-04-11,106.2578125,106.3203125,106.2421875,106.265625,363653.0,2.32
2018-04-12,106.2578125,106.28125,106.1796875,106.1875,372405.0,2.34
2018-04-13,106.1953125,106.2265625,106.1328125,106.1484375,313753.0,2.37
2018-04-16,106.1484375,106.15625,106.1015625,106.1484375,366463.0,2.39
2018-04-17,106.140625,106.1640625,106.109375,106.140625,358644.0,2.41
2018-04-18,106.1171875,106.125,106.046875,106.0625,434408.0,2.42
2018-04-19,106.0625,106.0859375,106.046875,106.0546875,416110.0,2.44
2018-04-20,106.0625,106.0859375,106.0078125,106.0234375,268223.0,2.46
2018-04-23,106.015625,106.03125,105.984375,106.0078125,284593.0,2.49
2018-04-24,105.984375,106.0390625,105.9609375,106.0390625,478347.0,2.48
2018-04-25,106.015625,106.03125,105.9765625,106.015625,377672.0,2.49
2018-04-26,106.015625,106.0546875,106.0,106.015625,319444.0,2.49
2018-04-27,106.015625,106.046875,106.0,106.03125,280707.0,2.49
2018-04-30,106.0234375,106.03125,106.0,106.0234375,331213.0,2.49
2018-05-01,106.015625,106.0234375,105.9765625,105.9765625,230749.0,2.5
2018-05-02,106.0,106.0234375,105.9609375,106.015625,298064.0,2.49
2018-05-03,106.0234375,106.078125,106.0078125,106.046875,316494.0,2.49
2018-05-04,106.046875,106.09375,106.0,106.0078125,257636.0,2.51
2018-05-07,106.0,106.0234375,105.984375,106.015625,142712.0,2.49
2018-05-08,106.0,106.0234375,105.9765625,105.984375,307003.0,2.51
2018-05-09,105.984375,105.9921875,105.9375,105.9453125,232506.0,2.54
2018-05-10,105.9375,106.015625,105.9296875,105.9296875,343043.0,2.54
2018-05-11,105.9453125,105.9609375,105.9296875,105.9375,270845.0,2.54
2018-05-14,105.9375,105.9609375,105.9140625,105.9296875,303941.0,2.55
2018-05-15,105.921875,105.9296875,105.8515625,105.8671875,546805.0,2.58
2018-05-16,105.8828125,105.8984375,105.8359375,105.8515625,378161.0,2.58
2018-05-17,105.8515625,105.890625,105.828125,105.875,423347.0,2.57
2018-05-18,105.8828125,105.9375,105.8671875,105.921875,425428.0,2.55
2018-05-21,105.8984375,105.9140625,105.875,105.8984375,356010.0,2.58
2018-05-22,105.890625,105.9140625,105.8671875,105.90625,496464.0,2.59
2018-05-23,105.90625,106.03125,105.8984375,106.015625,960093.0,2.53
2018-05-24,106.03125,106.1171875,106.015625,106.0546875,1264692.0,2.5
2018-05-25,106.0625,106.140625,106.03125,106.1171875,1104057.0,2.48
2018-05-28,,,,,,
2018-05-29,106.203125,106.4453125,106.1484375,106.4296875,2233479.0,2.32
2018-05-30,106.4375,106.5,106.2109375,106.234375,664239.0,2.42
2018-05-31,106.234375,106.25,106.1796875,106.2265625,91305.0,2.4
2018-06-01,106.1953125,106.203125,106.09375,106.125,49911.0,2.47
2018-06-04,106.1171875,106.1171875,106.03125,106.046875,26542.0,2.52
2018-06-05,106.03125,106.1171875,106.03125,106.0859375,23340.0,2.49
2018-06-06,106.0859375,106.09375,106.03125,106.046875,5409.0,2.52
2018-06-07,106.046875,106.171875,106.0234375,106.0703125,4918.0,2.5
2018-06-08,106.1171875,106.140625,106.0703125,106.09375,7760.0,2.5
2018-06-11,106.078125,106.078125,106.046875,106.0546875,835.0,2.52
2018-06-12,106.0546875,106.0625,106.015625,106.0390625,3038.0,2.54
2018-06-13,106.0078125,106.0546875,105.9296875,105.953125,5172.0,2.59
2018-06-14,105.953125,105.9921875,105.953125,105.9765625,1705.0,2.59
2018-06-15,106.0,106.0390625,106.0,106.0078125,3759.0,2.55
2018-06-18,106.015625,106.03125,106.015625,106.015625,793.0,2.56
2018-06-19,106.03125,106.09375,106.03125,106.03125,1008.0,2.54
2018-06-20,106.015625,106.0625,106.0078125,106.015625,2044.0,2.56
2018-06-21,105.9921875,106.046875,105.9921875,106.046875,991.0,2.56
2018-06-22,106.03125,106.0625,106.0234375,106.03125,1115.0,2.56
2018-06-25,106.0625,106.078125,106.0625,106.078125,524.0,2.54
2018-06-26,106.078125,106.0859375,106.0625,106.0703125,1225.0,2.53
2018-06-27,106.078125,106.125,106.0703125,106.125,1038.0,2.52
2018-06-28,106.125,106.140625,106.09375,106.1015625,950.0,2.52
2018-06-29,106.0703125,106.0703125,106.0703125,106.0703125,297220.0,2.52
2018-07-02,105.90625,105.9609375,105.859375,105.875,259082.0,2.57
2018-07-03,105.859375,105.9140625,105.8515625,105.90625,0.0,2.53
2018-07-04,,,,,,
2018-07-05,105.890625,105.90625,105.8359375,105.84375,333134.0,2.55
2018-07-06,105.8671875,105.921875,105.8515625,105.890625,196752.0,2.53
2018-07-09,105.8984375,105.8984375,105.8359375,105.8515625,193274.0,2.57
2018-07-10,105.8515625,105.859375,105.796875,105.796875,249501.0,2.59
2018-07-11,105.84375,105.8828125,105.796875,105.828125,308431.0,2.58
2018-07-12,105.8203125,105.8359375,105.78125,105.796875,263582.0,2.6
2018-07-13,105.8125,105.84375,105.796875,105.8359375,226230.0,2.59
2018-07-16,105.828125,105.8359375,105.765625,105.7890625,249875.0,2.59
2018-07-17,105.796875,105.8046875,105.7578125,105.765625,156084.0,2.62
2018-07-18,105.7578125,105.7890625,105.75,105.765625,155616.0,2.6
2018-07-19,105.7734375,105.8359375,105.7265625,105.8125,311246.0,2.6
2018-07-20,105.8125,105.828125,105.78125,105.796875,260578.0,2.6
2018-07-23,105.796875,105.828125,105.7265625,105.734375,270162.0,2.64
2018-07-24,105.734375,105.765625,105.7109375,105.734375,341656.0,2.63
2018-07-25,105.7265625,105.75,105.671875,105.71875,375997.0,2.66
2018-07-26,105.6796875,105.703125,105.65625,105.6640625,298640.0,2.69
2018-07-27,105.6640625,105.6875,105.6484375,105.671875,226550.0,2.67
2018-07-30,105.6796875,105.6953125,105.65625,105.6796875,175898.0,2.66
2018-07-31,105.6953125,105.734375,105.671875,105.6875,305661.0,2.67
2018-08-01,105.671875,105.703125,105.6484375,105.6640625,307628.0,2.67
2018-08-02,105.6640625,105.71875,105.6640625,105.7109375,262168.0,2.66
2018-08-03,105.703125,105.75,105.6796875,105.75,248377.0,2.63
2018-08-06,105.7421875,105.7578125,105.71875,105.734375,189709.0,2.64
2018-08-07,105.734375,105.7421875,105.6953125,105.703125,200891.0,2.68
2018-08-08,105.6953125,105.7265625,105.6953125,105.6953125,228722.0,2.68
2018-08-09,105.703125,105.7578125,105.6953125,105.75,258575.0,2.64
2018-08-10,105.75,105.8671875,105.7421875,105.859375,430783.0,2.61
2018-08-13,105.8515625,105.8828125,105.796875,105.8203125,491681.0,2.61
2018-08-14,105.8125,105.8203125,105.765625,105.7890625,233482.0,2.63
2018-08-15,105.7734375,105.875,105.765625,105.84375,530453.0,2.61
2018-08-16,105.828125,105.8359375,105.78125,105.8046875,279503.0,2.63
2018-08-17,105.8125,105.8515625,105.796875,105.8125,268720.0,2.61
2018-08-20,105.828125,105.8828125,105.8125,105.875,257778.0,2.6
2018-08-21,105.875,105.8828125,105.828125,105.8359375,231008.0,2.61
2018-08-22,105.859375,105.8828125,105.8359375,105.8515625,506530.0,2.6
2018-08-23,105.859375,105.8671875,105.8046875,105.8359375,396169.0,2.61
2018-08-24,105.8125,105.8203125,105.7734375,105.8046875,726757.0,2.63
2018-08-27,105.8125,105.8203125,105.7734375,105.78125,911508.0,2.67
2018-08-28,105.7734375,105.7890625,105.734375,105.7578125,1295893.0,2.67
2018-08-29,105.7421875,105.765625,105.703125,105.71875,810591.0,2.67
2018-08-30,105.7109375,105.78125,105.7109375,105.7734375,383192.0,2.64
2018-08-31,105.765625,105.828125,105.765625,105.828125,0.0,2.62
2018-09-03,,,,,,
2018-09-04,105.8046875,105.8359375,105.765625,105.78125,28531.0,2.66
2018-09-05,105.78125,105.8046875,105.765625,105.7890625,25627.0,2.66
2018-09-06,105.796875,105.828125,105.7734375,105.8125,11490.0,2.64
2018-09-07,105.8046875,105.8046875,105.6875,105.703125,7986.0,2.71
2018-09-10,105.7109375,105.7109375,105.6796875,105.6875,7290.0,2.73
2018-09-11,105.6875,105.6875,105.6328125,105.6328125,3134.0,2.76
2018-09-12,105.6328125,105.65625,105.625,105.640625,6499.0,2.74
2018-09-13,105.6328125,105.640625,105.6171875,105.625,2974.0,2.76
2018-09-14,105.625,105.640625,105.578125,105.5859375,1215.0,2.78
2018-09-17,105.59375,105.59375,105.5703125,105.5859375,500.0,2.78
2018-09-18,105.59375,105.6015625,105.546875,105.546875,2074.0,2.81
2018-09-19,105.5390625,105.5625,105.5234375,105.53125,2375.0,2.81
2018-09-20,105.5546875,105.5625,105.5078125,105.53125,1082.0,2.81
2018-09-21,105.5234375,105.5625,105.5234375,105.5625,3699.0,2.81
2018-09-24,105.5546875,105.578125,105.5390625,105.5625,2101.0,2.83
2018-09-25,105.5234375,105.5390625,105.5234375,105.53125,1862.0,2.83
2018-09-26,105.546875,105.5625,105.53125,105.5546875,3980.0,2.83
2018-09-27,105.625,105.625,105.546875,105.5546875,691.0,2.83
2018-09-28,105.5625,105.5625,105.5625,105.5625,373733.0,2.81
2018-10-01,105.359375,105.3671875,105.328125,105.359375,296391.0,2.82
2018-10-02,105.3515625,105.4140625,105.34375,105.3828125,448333.0,2.82
2018-10-03,105.3828125,105.3984375,105.25,105.28125,445612.0,2.85
2018-10-04,105.2578125,105.2734375,105.203125,105.2421875,476397.0,2.87
2018-10-05,105.2578125,105.2734375,105.1953125,105.2265625,496873.0,2.88
2018-10-08,105.234375,105.2734375,105.203125,105.265625,110807.0,
2018-10-09,105.2578125,105.2734375,105.2265625,105.2421875,438009.0,2.88
2018-10-10,105.234375,105.3359375,105.203125,105.2578125,542703.0,2.88
2018-10-11,105.3359375,105.3671875,105.2734375,105.3359375,676336.0,2.85
2018-10-12,105.3046875,105.359375,105.265625,105.3359375,364331.0,2.85
2018-10-15,105.3046875,105.3359375,105.2890625,105.296875,358329.0,2.85
2018-10-16,105.296875,105.3125,105.2734375,105.2890625,315834.0,2.87
2018-10-17,105.28125,105.3125,105.2265625,105.2578125,397075.0,2.89
2018-10-18,105.234375,105.3046875,105.203125,105.2734375,425345.0,2.87
2018-10-19,105.2578125,105.28125,105.1953125,105.2109375,422740.0,2.92
2018-10-22,105.21875,105.2421875,105.203125,105.2265625,282083.0,2.92
2018-10-23,105.2109375,105.34375,105.2109375,105.28125,636645.0,2.89
2018-10-24,105.28125,105.4140625,105.265625,105.359375,629969.0,2.84
2018-10-25,105.3984375,105.4140625,105.328125,105.3359375,324598.0,2.86
2018-10-26,105.375,105.515625,105.375,105.453125,764309.0,2.81
2018-10-29,105.453125,105.4765625,105.390625,105.4453125,388299.0,2.81
2018-10-30,105.4375,105.4453125,105.359375,105.390625,509542.0,2.84
2018-10-31,105.3671875,105.3671875,105.3046875,105.328125,429796.0,2.87
2018-11-01,105.3359375,105.3828125,105.3125,105.3671875,373500.0,2.84
2018-11-02,105.3828125,105.390625,105.234375,105.25,492428.0,2.91
2018-11-05,105.2578125,105.296875,105.25,105.2578125,361802.0,2.91
2018-11-06,105.25,105.28125,105.203125,105.21875,402748.0,2.93
2018-11-07,105.2109375,105.2578125,105.1484375,105.1953125,527677.0,2.96
2018-11-08,105.15625,105.203125,105.140625,105.15625,368978.0,2.98
2018-11-09,105.15625,105.2421875,105.15625,105.2265625,444188.0,2.94
2018-11-12,105.2421875,105.3203125,105.2265625,105.296875,147668.0,
2018-11-13,105.3046875,105.3203125,105.265625,105.296875,483539.0,2.89
2018-11-14,105.3125,105.421875,105.28125,105.3671875,686906.0,2.86
2018-11-15,105.359375,105.4453125,105.3359375,105.375,597353.0,2.86
2018-11-16,105.3828125,105.5,105.359375,105.46875,660607.0,2.81
2018-11-19,105.5,105.546875,105.4453125,105.53125,690441.0,2.79
2018-11-20,105.53125,105.5390625,105.4765625,105.5,555834.0,2.79
2018-11-21,105.5,105.5,105.4375,105.4609375,639115.0,2.81
2018-11-22,,,,,,
2018-11-23,105.4609375,105.5078125,105.453125,105.46875,499755.0,2.81
2018-11-26,105.4765625,105.484375,105.421875,105.4375,1391837.0,2.84
2018-11-27,105.453125,105.4765625,105.421875,105.4375,2098258.0,2.83
2018-11-28,105.4375,105.515625,105.4140625,105.4921875,1514847.0,2.81
2018-11-29,105.484375,105.5546875,105.4609375,105.46875,893112.0,2.81
2018-11-30,105.46875,105.5,105.4375,105.46875,133559.0,2.8
2018-12-03,105.453125,105.46875,105.40625,105.421875,44392.0,2.83
2018-12-04,105.453125,105.4921875,105.4140625,105.453125,0.0,2.8
2018-12-05,,,,,,
2018-12-06,105.46875,105.671875,105.453125,105.5390625,11499.0,2.75
2018-12-07,105.5546875,105.6328125,105.53125,105.6328125,17083.0,2.72
2018-12-10,105.671875,105.6796875,105.6015625,105.6171875,4396.0,2.72
2018-12-11,105.609375,105.609375,105.515625,105.546875,3073.0,2.78
2018-12-12,105.5234375,105.5390625,105.5078125,105.53125,734.0,2.77
2018-12-13,105.53125,105.6015625,105.5234375,105.5859375,744.0,2.75
2018-12-14,105.5546875,105.671875,105.5546875,105.640625,925.0,2.73
2018-12-17,105.6484375,105.7421875,105.6484375,105.71875,947.0,2.7
2018-12-18,105.71875,105.8046875,105.71875,105.796875,3061.0,2.65
2018-12-19,105.828125,105.8359375,105.734375,105.8203125,4482.0,2.63
2018-12-20,105.78125,105.796875,105.75,105.765625,215.0,2.67
2018-12-21,105.765625,105.828125,105.7578125,105.8203125,736.0,2.63
2018-12-24,105.875,105.9296875,105.8671875,105.9296875,426.0,2.55
2018-12-25,,,,,,
2018-12-26,105.9765625,105.9765625,105.859375,105.859375,908.0,2.61
2018-12-27,105.9140625,105.9609375,105.9140625,105.9453125,689.0,2.56
2018-12-28,105.8359375,106.03125,105.8359375,105.984375,214.0,2.52
2018-12-31,106.0546875,106.0546875,106.0546875,106.0546875,259648.0,2.48
2019-01-01,,,,,,
2019-01-02,106.109375,106.203125,106.0859375,106.125,446761.0,2.5
2019-01-03,106.2265625,106.40625,106.1171875,106.3671875,692321.0,2.39
2019-01-04,106.3828125,106.390625,106.1171875,106.1640625,830140.0,2.5
2019-01-07,106.140625,106.203125,106.03125,106.078125,525137.0,2.53
2019-01-08,106.0390625,106.0625,105.9375,105.953125,602307.0,2.58
2019-01-09,105.9453125,106.03125,105.921875,105.9921875,462193.0,2.56
2019-01-10,106.0078125,106.1015625,105.9609375,105.9921875,423902.0,2.56
2019-01-11,105.96875,106.0703125,105.9609375,106.0234375,367598.0,2.55
2019-01-14,106.02734375,106.10546875,106.01953125,106.0390625,360129.0,2.53
2019-01-15,106.0390625,106.09375,106.01171875,106.05078125,341808.0,2.53
2019-01-16,106.03125,106.05078125,105.97265625,106.01953125,328635.0,2.55
2019-01-17,106.02734375,106.06640625,105.94140625,105.9765625,431121.0,2.56
2019-01-18,105.96875,105.98828125,105.8671875,105.87890625,416212.0,2.62
2019-01-21,,,,,,
2019-01-22,105.87890625,105.96875,105.875,105.95703125,429002.0,2.58
2019-01-23,105.93359375,105.96875,105.88671875,105.92578125,305745.0,2.58
2019-01-24,105.9375,106.0,105.92578125,105.98046875,346336.0,2.56
2019-01-25,105.9765625,105.98046875,105.89453125,105.90625,528692.0,2.6
2019-01-28,105.90234375,105.94140625,105.87890625,105.91796875,333399.0,2.6
2019-01-29,105.9140625,105.9765625,105.9140625,105.96875,382259.0,2.56
2019-01-30,105.9609375,106.09375,105.92578125,106.04296875,684209.0,2.52
2019-01-31,106.07421875,106.19140625,106.0625,106.1640625,599574.0,2.45
2019-02-01,106.16796875,106.1796875,106.03125,106.06640625,729239.0,2.52
2019-02-04,106.07421875,106.07421875,106.0,106.0234375,384439.0,2.53
2019-02-05,106.00390625,106.05859375,105.98828125,106.03515625,440787.0,2.53
2019-02-06,106.02734375,106.0703125,106.01171875,106.0234375,301625.0,2.52
2019-02-07,106.0234375,106.1171875,106.01953125,106.11328125,522587.0,2.48
2019-02-08,106.09765625,106.1640625,106.09375,106.13671875,448524.0,2.45
2019-02-11,106.125,106.1328125,106.0625,106.08203125,340038.0,2.48
2019-02-12,106.08984375,106.09375,106.03125,106.05078125,293942.0,2.5
2019-02-13,106.04296875,106.05078125,105.96875,105.97265625,462856.0,2.53
2019-02-14,105.98828125,106.08984375,105.96875,106.05859375,649763.0,2.5
2019-02-15,106.0546875,106.0625,106.00390625,106.01171875,342297.0,2.52
2019-02-18,,,,,,
2019-02-19,106.01171875,106.06640625,105.99609375,106.0546875,513080.0,2.5
2019-02-20,106.0625,106.08203125,106.03125,106.0390625,912938.0,2.5
2019-02-21,106.04296875,106.05078125,105.97265625,105.98828125,1239282.0,2.53
2019-02-22,105.98828125,106.08984375,105.98046875,106.0625,1129952.0,2.48
2019-02-25,106.04296875,106.04296875,106.0078125,106.02734375,1624671.0,2.51
2019-02-26,106.03125,106.08203125,106.03125,106.05859375,1749764.0,2.48
2019-02-27,106.05078125,106.0625,105.96875,106.0,715713.0,2.5
2019-02-28,106.0078125,106.05859375,105.95703125,105.98046875,117401.0,2.52
2019-03-01,105.96875,105.97265625,105.8984375,105.90625,33087.0,2.55
2019-03-04,105.875,105.96875,105.875,105.9453125,22722.0,2.55
2019-03-05,105.95703125,105.95703125,105.90625,105.9296875,16963.0,2.55
2019-03-06,105.9453125,106.01953125,105.94140625,106.0,16560.0,2.52
2019-03-07,106.01171875,106.09375,106.0078125,106.09375,8677.0,2.47
2019-03-08,106.0859375,106.125,106.07421875,106.09765625,3156.0,2.45
2019-03-11,106.09375,106.11328125,106.08203125,106.08984375,5694.0,2.47
2019-03-12,106.0625,106.1328125,106.04296875,106.12890625,4165.0,2.45
2019-03-13,106.10546875,106.13671875,106.09765625,106.1328125,5279.0,2.45
2019-03-14,106.09765625,106.12890625,106.08984375,106.10546875,724.0,2.46
2019-03-15,106.1640625,106.16796875,106.1484375,106.16015625,858.0,2.43
2019-03-18,106.1484375,106.1484375,106.1171875,106.1171875,1621.0,2.45
2019-03-19,106.13671875,106.1484375,106.1015625,106.1015625,2211.0,2.46
2019-03-20,106.125,106.23828125,106.125,106.23828125,627.0,2.4
2019-03-21,106.25,106.2734375,106.21484375,106.21484375,154.0,2.41
2019-03-22,106.2890625,106.36328125,106.2734375,106.36328125,151.0,2.31
2019-03-25,106.46484375,106.53125,106.46484375,106.49609375,1968.0,2.26
2019-03-26,106.48046875,106.48046875,106.48046875,106.48046875,235.0,2.24
2019-03-27,106.55859375,106.55859375,106.54296875,106.54296875,18.0,2.22
2019-03-28,106.59375,106.59375,106.53125,106.53125,255.0,2.23
2019-03-29,106.4375,106.4375,106.4375,106.4375,656269.0,2.27
2019-04-01,106.55078125,106.5546875,106.41796875,106.44140625,534362.0,2.33
2019-04-02,106.4375,106.50390625,106.4375,106.4765625,439804.0,2.3
2019-04-03,106.4921875,106.5,106.40625,106.43359375,569320.0,2.33
2019-04-04,106.4140625,106.47265625,106.40625,106.40625,398303.0,2.33
2019-04-05,106.41015625,106.46875,106.34375,106.39453125,374342.0,2.35
2019-04-08,106.40625,106.4375,106.35546875,106.37109375,240799.0,2.36
2019-04-09,106.3671875,106.4296875,106.3515625,106.3984375,426117.0,2.35
2019-04-10,106.38671875,106.46484375,106.3828125,106.4296875,392201.0,2.31
2019-04-11,106.4375,106.4375,106.36328125,106.3671875,291641.0,2.35
2019-04-12,106.37109375,106.375,106.2734375,106.28125,441675.0,2.4
2019-04-15,106.27734375,106.30078125,106.25,106.28125,345730.0,2.4
2019-04-16,106.28125,106.29296875,106.2265625,106.23046875,322106.0,2.41
2019-04-17,106.2421875,106.27734375,106.2109375,106.2578125,421935.0,2.4
2019-04-18,106.2578125,106.31640625,106.25,106.2890625,399853.0,2.38
2019-04-19,,,,,,
2019-04-22,106.29296875,106.3125,106.27734375,106.28515625,231393.0,2.38
2019-04-23,106.28515625,106.3515625,106.27734375,106.33984375,429979.0,2.36
2019-04-24,106.34375,106.4375,106.33203125,106.4140625,402749.0,2.32
2019-04-25,106.4140625,106.4375,106.375,106.39453125,438447.0,2.33
2019-04-26,106.3828125,106.5,106.37109375,106.46875,647710.0,2.28
2019-04-29,106.4765625,106.48046875,106.43359375,106.45703125,442277.0,2.3
2019-04-30,106.46875,106.5234375,106.41796875,106.50390625,644847.0,2.27
2019-05-01,106.50390625,106.625,106.40234375,106.4296875,876153.0,2.31
2019-05-02,106.41796875,106.43359375,106.33984375,106.34375,590983.0,2.35
2019-05-03,106.34375,106.40625,106.2734375,106.3515625,491756.0,2.33
2019-05-06,106.39453125,106.52734375,106.39453125,106.40625,397716.0,2.31
2019-05-07,106.49609375,106.49609375,106.3984375,106.46875,484725.0,2.28
2019-05-08,106.44921875,106.5234375,106.41796875,106.44140625,610044.0,2.3
2019-05-09,106.4375,106.56640625,106.43359375,106.49609375,712282.0,2.26
2019-05-10,106.50390625,106.5625,106.4609375,106.5234375,612063.0,2.26
2019-05-13,106.5390625,106.67578125,106.5234375,106.6328125,587303.0,2.18
2019-05-14,106.62890625,106.6640625,106.59375,106.60546875,584304.0,2.2
2019-05-15,106.6171875,106.7265625,106.59375,106.6640625,642129.0,2.16
2019-05-16,106.6875,106.7109375,106.57421875,106.58984375,597657.0,2.2
2019-05-17,106.6171875,106.67578125,106.5625,106.58984375,539403.0,2.2
2019-05-20,106.59375,106.6015625,106.53125,106.54296875,720531.0,2.21
2019-05-21,106.55078125,106.55859375,106.46875,106.4765625,683873.0,2.26
2019-05-22,106.47265625,106.54296875,106.47265625,106.52734375,930775.0,2.23
2019-05-23,106.53125,106.7265625,106.53125,106.71484375,1456992.0,2.12
2019-05-24,106.6640625,106.68359375,106.625,106.625,886859.0,2.16
2019-05-27,,,,,,
2019-05-28,106.6328125,106.72265625,106.6015625,106.71484375,2000080.0,2.12
2019-05-29,106.7109375,106.8203125,106.70703125,106.78515625,1672460.0,2.09
2019-05-30,106.7265625,106.83203125,106.69140625,106.79296875,463104.0,2.06
2019-05-31,106.8203125,107.08984375,106.8203125,107.04296875,102703.0,1.95
2019-06-03,107.0859375,107.29296875,107.07421875,107.24609375,30809.0,1.82
2019-06-04,107.25,107.27734375,107.08203125,107.18359375,31440.0,1.88
2019-06-05,107.1640625,107.3671875,107.1640625,107.22265625,13491.0,1.83
2019-06-06,107.2109375,107.26953125,107.1171875,107.1484375,7827.0,1.88
2019-06-07,107.15234375,107.3359375,107.1484375,107.20703125,6708.0,1.85
2019-06-10,107.16015625,107.16015625,107.09375,107.125,2417.0,1.9
2019-06-11,107.125,107.15625,107.0546875,107.09375,2927.0,1.93
2019-06-12,107.0625,107.1640625,107.0625,107.14453125,514.0,1.88
2019-06-13,107.20703125,107.25,107.1875,107.25,206.0,1.83
2019-06-14,107.20703125,107.21875,107.20703125,107.21484375,37.0,1.84
2019-06-17,107.16796875,107.16796875,107.16796875,107.16796875,121.0,1.86
2019-06-18,107.25,107.26171875,107.1484375,107.1796875,96.0,1.86
2019-06-19,107.125,107.40625,107.125,107.37109375,434.0,1.74
2019-06-20,107.40625,107.45703125,107.32421875,107.43359375,235.0,1.72
2019-06-21,107.3203125,107.34765625,107.3203125,107.34375,159.0,1.77
2019-06-24,107.4140625,107.4296875,107.40625,107.4296875,2126.0,1.72
2019-06-25,107.4296875,107.4296875,107.41015625,107.4296875,94.0,1.71
2019-06-26,107.31640625,107.31640625,107.3125,107.3125,101.0,1.77
2019-06-27,107.31640625,107.375,107.3125,107.3671875,85.0,1.74
2019-06-28,107.3828125,107.3828125,107.375,107.375,483102.0,1.75
2019-07-01,107.48828125,107.57421875,107.46484375,107.5,414852.0,1.78
2019-07-02,107.5,107.57421875,107.4921875,107.54296875,369757.0,1.77
2019-07-03,107.55078125,107.6171875,107.53125,107.5390625,309581.0,1.77
2019-07-04,,,,,,
2019-07-05,107.5546875,107.58203125,107.28125,107.3125,618016.0,1.87
2019-07-08,107.30078125,107.38671875,107.265625,107.30078125,499145.0,1.88
2019-07-09,107.27734375,107.3046875,107.20703125,107.25390625,431939.0,1.92
2019-07-10,107.24609375,107.41015625,107.1953125,107.3984375,787635.0,1.82
2019-07-11,107.390625,107.45703125,107.29296875,107.33203125,797826.0,1.85
2019-07-12,107.3125,107.3671875,107.27734375,107.36328125,371768.0,1.84
2019-07-15,107.359375,107.37890625,107.31640625,107.37109375,295885.0,1.83
2019-07-16,107.37109375,107.38671875,107.27734375,107.30859375,395010.0,1.87
2019-07-17,107.33203125,107.4140625,107.30859375,107.359375,497176.0,1.83
2019-07-18,107.40234375,107.51953125,107.34375,107.4765625,559819.0,1.77
2019-07-19,107.50390625,107.53515625,107.34765625,107.3984375,551311.0,1.8
2019-07-22,107.37890625,107.42578125,107.33984375,107.40234375,359142.0,1.8
2019-07-23,107.40234375,107.40234375,107.3359375,107.3515625,419041.0,1.83
2019-07-24,107.34765625,107.41796875,107.3359375,107.359375,340939.0,1.83
2019-07-25,107.375,107.41015625,107.25390625,107.2890625,598504.0,1.86
2019-07-26,107.26953125,107.30078125,107.21875,107.25390625,400517.0,1.86
2019-07-29,107.29296875,107.32421875,107.265625,107.29296875,336256.0,1.85
2019-07-30,107.2734375,107.3203125,107.26171875,107.29296875,524677.0,1.85
2019-07-31,107.29296875,107.375,107.0390625,107.203125,1020174.0,1.89
2019-08-01,107.2265625,107.59375,107.1640625,107.52734375,1319789.0,1.73
2019-08-02,107.47265625,107.5859375,107.4375,107.51953125,738282.0,1.72
2019-08-05,107.5390625,107.8125,107.51953125,107.7890625,846113.0,1.59
2019-08-06,107.8125,107.8984375,107.70703125,107.7421875,813280.0,1.6
2019-08-07,107.7890625,107.953125,107.734375,107.81640625,977544.0,1.59
2019-08-08,107.7421875,107.78515625,107.66015625,107.7265625,543041.0,1.62
2019-08-09,107.734375,107.796875,107.640625,107.6796875,473018.0,1.63
2019-08-12,107.67578125,107.78515625,107.65234375,107.76953125,444786.0,1.58
2019-08-13,107.75390625,107.8046875,107.56640625,107.5859375,703743.0,1.66
2019-08-14,107.5703125,107.78125,107.56640625,107.75,756913.0,1.58
2019-08-15,107.734375,107.9453125,107.71875,107.8828125,780961.0,1.48
2019-08-16,107.875,107.91796875,107.81640625,107.9140625,436782.0,1.48
2019-08-19,107.90234375,107.90234375,107.76953125,107.796875,407106.0,1.53
2019-08-20,107.78515625,107.8984375,107.78125,107.84375,480083.0,1.5
2019-08-21,107.859375,107.859375,107.71875,107.74609375,631483.0,1.56
2019-08-22,107.7265625,107.7890625,107.640625,107.66015625,870460.0,1.61
2019-08-23,107.63671875,107.8515625,107.5859375,107.8046875,1353343.0,1.51
2019-08-26,107.875,107.95703125,107.734375,107.74609375,1693372.0,1.54
2019-08-27,107.765625,107.81640625,107.7265625,107.78125,2333916.0,1.53
2019-08-28,107.8046875,107.84375,107.76171875,107.81640625,1132723.0,1.5
2019-08-29,107.828125,107.8671875,107.73828125,107.75390625,481557.0,1.53
2019-08-30,107.76171875,107.80078125,107.7109375,107.79296875,85267.0,1.5
2019-09-02,,,,,,
2019-09-03,107.81640625,107.9296875,107.75390625,107.87890625,42943.0,1.47
2019-09-04,107.90625,107.9375,107.85546875,107.92578125,18763.0,1.43
2019-09-05,107.92578125,107.92578125,107.640625,107.703125,20367.0,1.55
2019-09-06,107.72265625,107.75390625,107.65234375,107.72265625,13642.0,1.53
2019-09-09,107.703125,107.703125,107.609375,107.62890625,7803.0,1.58
2019-09-10,107.59375,107.59375,107.4296875,107.47265625,15122.0,1.67
2019-09-11,107.4609375,107.48828125,107.43359375,107.46484375,8402.0,1.68
2019-09-12,107.4453125,107.52734375,107.35546875,107.35546875,7206.0,1.72
2019-09-13,107.359375,107.37109375,107.203125,107.2109375,8633.0,1.79
2019-09-16,107.28125,107.31640625,107.265625,107.296875,2157.0,1.74
2019-09-17,107.3046875,107.36328125,107.2734375,107.36328125,3970.0,1.72
2019-09-18,107.375,107.453125,107.34375,107.34375,6461.0,1.77
2019-09-19,107.31640625,107.36328125,107.3125,107.3359375,15134.0,1.74
2019-09-20,107.359375,107.359375,107.35546875,107.35546875,3913.0,1.69
2019-09-23,107.4453125,107.4609375,107.39453125,107.41015625,5930.0,1.68
2019-09-24,107.390625,107.54296875,107.390625,107.54296875,12764.0,1.6
2019-09-25,107.48828125,107.48828125,107.39453125,107.39453125,1018.0,1.68
2019-09-26,107.44140625,107.44140625,107.44140625,107.44140625,193.0,1.66
2019-09-27,107.4453125,107.515625,107.4453125,107.515625,1014.0,1.63
2019-09-30,107.55078125,107.55078125,107.5,107.5,479612.0,1.63
2019-10-01,107.75390625,107.921875,107.625,107.875,787317.0,1.56
2019-10-02,107.89453125,108.03125,107.8515625,107.99609375,795823.0,1.48
2019-10-03,107.9921875,108.21484375,107.98828125,108.18359375,849963.0,1.39
2019-10-04,108.171875,108.28125,108.09375,108.15234375,999926.0,1.4
2019-10-07,108.1640625,108.1953125,108.00390625,108.01953125,428464.0,1.46
2019-10-08,108.01953125,108.14453125,107.9453125,108.10546875,763968.0,1.42
2019-10-09,108.10546875,108.125,107.984375,107.9921875,522964.0,1.47
2019-10-10,108.0,108.109375,107.83984375,107.87109375,604535.0,1.53
2019-10-11,107.84765625,107.88671875,107.6484375,107.69921875,957175.0,1.63
2019-10-14,107.72265625,107.83984375,107.7109375,107.734375,104582.0,
2019-10-15,107.75390625,107.828125,107.66015625,107.6796875,475570.0,1.61
2019-10-16,107.69140625,107.7890625,107.67578125,107.75,447522.0,1.58
2019-10-17,107.76171875,107.79296875,107.6484375,107.7265625,394576.0,1.6
2019-10-18,107.734375,107.81640625,107.703125,107.78125,388682.0,1.58
2019-10-21,107.796875,107.81640625,107.6875,107.7109375,280001.0,1.62
2019-10-22,107.69921875,107.765625,107.6796875,107.7421875,486180.0,1.6
2019-10-23,107.7578125,107.8046875,107.71875,107.73828125,437130.0,1.58
2019-10-24,107.734375,107.78125,107.6953125,107.734375,373920.0,1.58
2019-10-25,107.74609375,107.7578125,107.60546875,107.640625,443329.0,1.63
2019-10-28,107.65234375,107.65234375,107.55859375,107.59375,395591.0,1.64
2019-10-29,107.59375,107.63671875,107.56640625,107.59765625,538934.0,1.64
2019-10-30,107.59765625,107.6796875,107.52734375,107.62109375,637593.0,1.61
2019-10-31,107.671875,107.82421875,107.609375,107.80078125,753925.0,1.52
2019-11-01,107.79296875,107.82421875,107.6796875,107.72265625,625952.0,1.56
2019-11-04,107.72265625,107.7265625,107.63671875,107.65234375,430582.0,1.6
2019-11-05,107.671875,107.67578125,107.54296875,107.578125,650344.0,1.63
2019-11-06,107.58203125,107.65625,107.58203125,107.625,508582.0,1.61
2019-11-07,107.609375,107.64453125,107.421875,107.48828125,893638.0,1.68
2019-11-08,107.49609375,107.55859375,107.4453125,107.51171875,514321.0,1.68
2019-11-11,107.4765625,107.5390625,107.47265625,107.48828125,83684.0,
2019-11-12,107.48828125,107.546875,107.453125,107.5390625,480695.0,1.66
2019-11-13,107.5,107.59765625,107.5,107.5859375,612594.0,1.63
2019-11-14,107.5703125,107.68359375,107.546875,107.65234375,605841.0,1.58
2019-11-15,107.64453125,107.65625,107.58984375,107.6171875,437261.0,1.61
2019-11-18,107.6171875,107.67578125,107.58203125,107.65234375,450052.0,1.6
2019-11-19,107.640625,107.66796875,107.59765625,107.640625,736342.0,1.6
2019-11-20,107.63671875,107.71484375,107.63671875,107.6953125,899649.0,1.56
2019-11-21,107.71484375,107.74609375,107.625,107.63671875,1378916.0,1.6
2019-11-22,107.625,107.66796875,107.578125,107.5859375,1486764.0,1.61
2019-11-25,107.578125,107.625,107.55078125,107.60546875,2141529.0,1.61
2019-11-26,107.6171875,107.6484375,107.578125,107.6328125,1470903.0,1.58
2019-11-27,107.625,107.62890625,107.53125,107.53515625,710845.0,1.63
2019-11-28,,,,,,
2019-11-29,107.5390625,107.58984375,107.5234375,107.58203125,62084.0,1.61
2019-12-02,107.5625,107.58203125,107.50390625,107.55078125,77636.0,1.61
2019-12-03,107.56640625,107.7265625,107.5390625,107.69921875,63534.0,1.53
2019-12-04,107.67578125,107.7109375,107.59375,107.59765625,24926.0,1.58
2019-12-05,107.609375,107.625,107.5703125,107.609375,7164.0,1.58
2019-12-06,107.58984375,107.58984375,107.43359375,107.54296875,9267.0,1.61
2019-12-09,107.52734375,107.5625,107.5234375,107.5390625,12896.0,1.63
2019-12-10,107.5625,107.58203125,107.48828125,107.4921875,15345.0,1.65
2019-12-11,107.48828125,107.5546875,107.48828125,107.5546875,4928.0,1.61
2019-12-12,107.5390625,107.59765625,107.40234375,107.4609375,10388.0,1.66
2019-12-13,107.4375,107.58984375,107.41796875,107.58984375,10621.0,1.61
2019-12-16,107.5234375,107.53125,107.51953125,107.51953125,2920.0,1.65
2019-12-17,107.54296875,107.55078125,107.53515625,107.54296875,9676.0,1.63
2019-12-18,107.52734375,107.55078125,107.5234375,107.55078125,554.0,1.63
2019-12-19,107.578125,107.578125,107.578125,107.578125,10733.0,1.62
2019-12-20,107.546875,107.55859375,107.546875,107.546875,3895.0,1.63
2019-12-23,107.50390625,107.50390625,107.50390625,107.50390625,0.0,1.64
2019-12-24,107.54296875,107.54296875,107.54296875,107.54296875,23.0,1.62
2019-12-25,,,,,,
2019-12-26,107.546875,107.546875,107.546875,107.546875,3236.0,1.64
2019-12-27,107.62109375,107.6328125,107.62109375,107.62109375,11835.0,1.59
2019-12-30,107.625,107.6484375,107.62109375,107.6484375,3537.0,1.58
2019-12-31,107.640625,107.6484375,107.640625,107.6484375,438507.0,1.58
2020-01-01,,,,,,
2020-01-02,107.71484375,107.78515625,107.69921875,107.7265625,543529.0,1.58
2020-01-03,107.73828125,107.8671875,107.73046875,107.83203125,605191.0,1.53
2020-01-06,107.84375,107.875,107.7734375,107.796875,621997.0,1.54
2020-01-07,107.796875,107.83203125,107.77734375,107.79296875,481364.0,1.54
2020-01-08,107.8046875,107.98828125,107.7109375,107.71875,724856.0,1.58
2020-01-09,107.71484375,107.7421875,107.671875,107.73046875,400344.0,1.58
2020-01-10,107.7265625,107.76953125,107.69921875,107.73828125,386333.0,1.56
2020-01-13,107.74609375,107.75,107.69140625,107.70703125,271328.0,1.58
2020-01-14,107.7109375,107.75,107.6875,107.72265625,442276.0,1.58
2020-01-15,107.73828125,107.7734375,107.73046875,107.75390625,462253.0,1.56
2020-01-16,107.76171875,107.7734375,107.71875,107.73828125,339830.0,1.58
2020-01-17,107.73828125,107.76953125,107.71484375,107.7265625,412039.0,1.58
2020-01-20,,,,,,
2020-01-21,107.7421875,107.81640625,107.734375,107.8046875,394172.0,1.53
2020-01-22,107.8046875,107.828125,107.7734375,107.81640625,336214.0,1.53
2020-01-23,107.8203125,107.89453125,107.80859375,107.8359375,498870.0,1.51
2020-01-24,107.83984375,107.921875,107.80078125,107.91015625,607141.0,1.49
2020-01-27,107.95703125,108.01953125,107.94921875,108.0,712367.0,1.44
2020-01-28,107.98046875,108.05078125,107.91796875,107.94140625,559670.0,1.45
2020-01-29,107.9296875,108.0390625,107.9140625,108.01953125,479139.0,1.42
2020-01-30,108.01953125,108.1171875,108.01171875,108.0625,580354.0,1.41
2020-01-31,,,,,,1.33
